Production_lid,Output_Voucher_No,Output_Voucher_Date,FG_name,Output_Item_Code,Output_Item_Name,Output_Batch_No,Output_Purity,Output_Recovery,Output_UOM,Output_Quantity,JobWork_Rate,JobWork_Value,Output_Rate,Output_Value
178707,SSM2223JWGRN00278,21/01/2023,"1-(4-CHLOROPHENYL)-4,4 -DIMETHYL-2-(1H-1,2,4- TRIAZOL-1-YL) PENTANE-3-ONE",31000001,"1-(4-CHLOROPHENYL)-4,4 -DIMETHYL-2-(1H-1,2,4- TRIAZOL-1-YL) PENTANE-3-ONE",#01+03+07/22,,,KGS,2400.0,100.0,240000.0,940.457,2257097.407
210492,SSM2223JWGRN00355,22/02/2023,"1-(4-CHLOROPHENYL)-4,4 -DIMETHYL-2-(1H-1,2,4- TRIAZOL-1-YL) PENTANE-3-ONE",31000001,"1-(4-CHLOROPHENYL)-4,4 -DIMETHYL-2-(1H-1,2,4- TRIAZOL-1-YL) PENTANE-3-ONE",#13+14/22,,,KGS,1600.0,100.0,160000.0,604.588,967340.207
210985,SSM2223JWGRN00361,25/02/2023,"1-(4-CHLOROPHENYL)-4,4 -DIMETHYL-2-(1H-1,2,4- TRIAZOL-1-YL) PENTANE-3-ONE",31000001,"1-(4-CHLOROPHENYL)-4,4 -DIMETHYL-2-(1H-1,2,4- TRIAZOL-1-YL) PENTANE-3-ONE",#15/23,,,KGS,100.0,100.0,10000.0,4169.083,416908.272
206171,SSM2223JWGRN00343,05/03/2023,"1-(4-CHLOROPHENYL)-4,4 -DIMETHYL-2-(1H-1,2,4- TRIAZOL-1-YL) PENTANE-3-ONE",31000001,"1-(4-CHLOROPHENYL)-4,4 -DIMETHYL-2-(1H-1,2,4- TRIAZOL-1-YL) PENTANE-3-ONE",#21+22/22,0,0,KGS,1000.0,100.0,100000.0,1415.0,1415000.0
235937,SSM2223JWGRN00417,15/03/2023,"1-(4-CHLOROPHENYL)-4,4 -DIMETHYL-2-(1H-1,2,4- TRIAZOL-1-YL) PENTANE-3-ONE",31000001,"1-(4-CHLOROPHENYL)-4,4 -DIMETHYL-2-(1H-1,2,4- TRIAZOL-1-YL) PENTANE-3-ONE",#23+24+25/22,0,0,KGS,2574.0,100.0,257400.0,683.424,1759134.286
210985,SSM2223JWGRN00361,25/02/2023,"1-(4-CHLOROPHENYL)-4,4 -DIMETHYL-2-(1H-1,2,4- TRIAZOL-1-YL) PENTANE-3-ONE",31000001,"1-(4-CHLOROPHENYL)-4,4 -DIMETHYL-2-(1H-1,2,4- TRIAZOL-1-YL) PENTANE-3-ONE",#15/23,,,KGS,700.0,100.0,70000.0,112.849,78994.477
178687,SSM2223JWGRN00277,20/01/2023,"1-(4-CHLOROPHENYL)-4,4 -DIMETHYL-2-(1H-1,2,4- TRIAZOL-1-YL) PENTANE-3-ONE",31000001,"1-(4-CHLOROPHENYL)-4,4 -DIMETHYL-2-(1H-1,2,4- TRIAZOL-1-YL) PENTANE-3-ONE",#02/22,,,KGS,800.0,100.0,80000.0,942.106,753685.028
211102,SSM2223JWGRN00362,25/02/2023,"1-(4-CHLOROPHENYL)-4,4 -DIMETHYL-2-(1H-1,2,4- TRIAZOL-1-YL) PENTANE-3-ONE",31000001,"1-(4-CHLOROPHENYL)-4,4 -DIMETHYL-2-(1H-1,2,4- TRIAZOL-1-YL) PENTANE-3-ONE",#16+17/22,,,KGS,1500.0,100.0,150000.0,116.375,174562.679
185825,SSM2223JWGRN00292,31/01/2023,"1-(4-CHLOROPHENYL)-4,4 -DIMETHYL-2-(1H-1,2,4- TRIAZOL-1-YL) PENTANE-3-ONE",31000001,"1-(4-CHLOROPHENYL)-4,4 -DIMETHYL-2-(1H-1,2,4- TRIAZOL-1-YL) PENTANE-3-ONE",#08+09+010+011/22,,,KGS,3200.0,100.0,320000.0,1014.677,3246967.31
185827,SSM2223JWGRN00293,31/01/2023,"1-(4-CHLOROPHENYL)-4,4 -DIMETHYL-2-(1H-1,2,4- TRIAZOL-1-YL) PENTANE-3-ONE",31000001,"1-(4-CHLOROPHENYL)-4,4 -DIMETHYL-2-(1H-1,2,4- TRIAZOL-1-YL) PENTANE-3-ONE",#012/22,,,KGS,800.0,100.0,80000.0,1029.882,823905.675
206168,SSM2223JWGRN00341,03/03/2023,"1-(4-CHLOROPHENYL)-4,4 -DIMETHYL-2-(1H-1,2,4- TRIAZOL-1-YL) PENTANE-3-ONE",31000001,"1-(4-CHLOROPHENYL)-4,4 -DIMETHYL-2-(1H-1,2,4- TRIAZOL-1-YL) PENTANE-3-ONE",#18/22,0,0,KGS,800.0,100.0,80000.0,1415.0,1132000.0
206170,SSM2223JWGRN00342,05/03/2023,"1-(4-CHLOROPHENYL)-4,4 -DIMETHYL-2-(1H-1,2,4- TRIAZOL-1-YL) PENTANE-3-ONE",31000001,"1-(4-CHLOROPHENYL)-4,4 -DIMETHYL-2-(1H-1,2,4- TRIAZOL-1-YL) PENTANE-3-ONE",#19+20/22,0,0,KGS,1600.0,100.0,160000.0,1415.0,2264000.0
178669,SSM2223JWGRN00276,20/01/2023,"1-(4-CHLOROPHENYL)-4,4 -DIMETHYL-2-(1H-1,2,4- TRIAZOL-1-YL) PENTANE-3-ONE",31000001,"1-(4-CHLOROPHENYL)-4,4 -DIMETHYL-2-(1H-1,2,4- TRIAZOL-1-YL) PENTANE-3-ONE",#04+05+06/22,,,KGS,2400.0,100.0,240000.0,940.606,2257454.346
211102,SSM2223JWGRN00362,25/02/2023,"1-(4-CHLOROPHENYL)-4,4 -DIMETHYL-2-(1H-1,2,4- TRIAZOL-1-YL) PENTANE-3-ONE",31000001,"1-(4-CHLOROPHENYL)-4,4 -DIMETHYL-2-(1H-1,2,4- TRIAZOL-1-YL) PENTANE-3-ONE",#16+17/22,,,KGS,100.0,100.0,10000.0,7002.271,700227.061
457654,SSM2425JWGRN00022,16/04/2024,SPENT SOLVENT,31000033,SPENT SOLVENT,343/24,0,0,KGS,11030.0,0.0,0.0,4.997,55121.359
457654,SSM2425JWGRN00022,16/04/2024,SPENT SOLVENT,31000033,SPENT SOLVENT,343/24,0,0,KGS,0.0,0.0,0.0,0.0,0.0
458090,SSM2425JWGRN00026,20/04/2024,SPENT SOLVENT,31000033,SPENT SOLVENT,344/23,0,0,KGS,0.0,0.0,0.0,0.0,0.0
458090,SSM2425JWGRN00026,20/04/2024,SPENT SOLVENT,31000033,SPENT SOLVENT,344/23,0,0,KGS,553.0,0.0,0.0,6.022,3330.408
416457,SSM2324JWGRN00289,13/02/2024,"2,3 DI CHLORO PYRIDINE",26000006,"2,3,5 TRICHLORO PYRIDINE",#109/24,0,0,KGS,1991.0,0.0,0.0,26.681,53121.844
416494,SSM2324JWGRN00292,13/02/2024,"2,3 DI CHLORO PYRIDINE",26000006,"2,3,5 TRICHLORO PYRIDINE",#112/24,0,0,KGS,2074.0,0.0,0.0,25.351,52577.902
416509,SSM2324JWGRN00293,13/02/2024,"2,3 DI CHLORO PYRIDINE",26000006,"2,3,5 TRICHLORO PYRIDINE",#113/24,0,0,KGS,1716.0,0.0,0.0,28.339,48629.86
416524,SSM2324JWGRN00295,14/02/2024,"2,3 DI CHLORO PYRIDINE",26000006,"2,3,5 TRICHLORO PYRIDINE",#115/24,0,0,KGS,1852.0,0.0,0.0,27.034,50066.189
416479,SSM2324JWGRN00291,13/02/2024,"2,3 DI CHLORO PYRIDINE",26000006,"2,3,5 TRICHLORO PYRIDINE",#111/24,0,0,KGS,1557.0,0.0,0.0,24.346,37906.551
416451,SSM2324JWGRN00288,13/02/2024,"2,3 DI CHLORO PYRIDINE",26000006,"2,3,5 TRICHLORO PYRIDINE",#108/24,0,0,KGS,1710.0,0.0,0.0,27.142,46412.961
416516,SSM2324JWGRN00294,13/02/2024,"2,3 DI CHLORO PYRIDINE",26000006,"2,3,5 TRICHLORO PYRIDINE",#114/24,0,0,KGS,2420.0,0.0,0.0,19.314,46739.05
416438,SSM2324JWGRN00287,12/02/2024,"2,3 DI CHLORO PYRIDINE",26000006,"2,3,5 TRICHLORO PYRIDINE",#107/24,0,0,KGS,2029.0,0.0,0.0,24.331,49367.239
416470,SSM2324JWGRN00290,13/02/2024,"2,3 DI CHLORO PYRIDINE",26000006,"2,3,5 TRICHLORO PYRIDINE",#110/24,0,0,KGS,1919.0,0.0,0.0,24.575,47159.547
459657,SSM2425JWGRN00027,10/04/2024,4-FLUORO-3-TRIFLUOROMETHYL PHENOL,26000086,4-FTMP RECOVERED TOLUENE,#338/23,0,0,KGS,2015.0,0.0,0.0,5.083,10242.708
459657,SSM2425JWGRN00027,10/04/2024,4-FLUORO-3-TRIFLUOROMETHYL PHENOL,26000086,4-FTMP RECOVERED TOLUENE,#338/23,0,0,KGS,0.0,0.0,0.0,0.0,0.0
459669,SSM2425JWGRN00028,22/04/2024,4-FLUORO-3-TRIFLUOROMETHYL PHENOL,26000086,4-FTMP RECOVERED TOLUENE,#289/23,0,0,KGS,875.0,0.0,0.0,5.122,4481.698
459669,SSM2425JWGRN00028,22/04/2024,4-FLUORO-3-TRIFLUOROMETHYL PHENOL,26000086,4-FTMP RECOVERED TOLUENE,#289/23,0,0,KGS,0.0,0.0,0.0,0.0,0.0
330317,SSM2324JWGRN00199,21/09/2023,3-BROMO-1-(3-CHLOROPYRIDINE-2-YL)-1H-PYRAZOLE-5-CARBOXYLIC ACID,26000189,BCPA (STAGE-III) DRY POWDER,#04/23,0,0,KGS,143.0,10.0,1430.0,4661.705,666623.854
62132,SSM2223JWGRN00050,16/07/2022,3-BROMO-1-(3-CHLOROPYRIDINE-2-YL)-1H-PYRAZOLE-5-CARBOXYLIC ACID,26000189,BCPA (STAGE-III) DRY POWDER,#007/22,,,KGS,152.0,10.0,1520.0,10824.289,1645291.852
45492,SSM2223JWGRN00041,18/06/2022,3-BROMO-1-(3-CHLOROPYRIDINE-2-YL)-1H-PYRAZOLE-5-CARBOXYLIC ACID,26000189,BCPA (STAGE-III) DRY POWDER,#006/22,,,KGS,102.0,10.0,1020.0,7524.58,767507.204
329578,SSM2324JWGRN00197,19/09/2023,3-BROMO-1-(3-CHLOROPYRIDINE-2-YL)-1H-PYRAZOLE-5-CARBOXYLIC ACID,26000189,BCPA (STAGE-III) DRY POWDER,#01+02/23,0,0,KGS,252.5,10.0,2525.0,4606.539,1163151.145
329598,SSM2324JWGRN00198,20/09/2023,3-BROMO-1-(3-CHLOROPYRIDINE-2-YL)-1H-PYRAZOLE-5-CARBOXYLIC ACID,26000189,BCPA (STAGE-III) DRY POWDER,#03/23,0,0,KGS,136.0,10.0,1360.0,5904.044,802950.016
50607,SSM2223JWGRN00043,25/06/2022,METHYL-2-CHLORO PROPIONATE,31000026,METHYL-2-CHLORO PROPIONATE,BLD#090622,,,KGS,2650.0,66.25,175562.5,227.388,602579.42
29447,SSM2223JWGRN00028,04/05/2022,N-METHYL-2-OXO-2-PHENYLACETAMIDE,31000028,N-METHYL-2-OXO-2-PHENYLACETAMIDE,#001to#004/22,,,KGS,7200.0,150.0,1080000.0,2494.421,17959832.689
29466,SSM2223JWGRN00031,07/05/2022,N-METHYL-2-OXO-2-PHENYLACETAMIDE,31000028,N-METHYL-2-OXO-2-PHENYLACETAMIDE,#009(P-II),,,KGS,950.0,150.0,142500.0,3169.757,3011269.139
29481,SSM2223JWGRN00032,09/05/2022,N-METHYL-2-OXO-2-PHENYLACETAMIDE,31000028,N-METHYL-2-OXO-2-PHENYLACETAMIDE,#010/22,,,KGS,2024.0,150.0,303600.0,1174.917,2378032.38
29454,SSM2223JWGRN00029,04/05/2022,N-METHYL-2-OXO-2-PHENYLACETAMIDE,31000028,N-METHYL-2-OXO-2-PHENYLACETAMIDE,#05 To#07/22,,,KGS,5414.0,150.0,812100.0,2082.865,11276633.8
39639,SSM2223JWGRN00038,04/06/2022,N-METHYL-2-OXO-2-PHENYLACETAMIDE,31000028,N-METHYL-2-OXO-2-PHENYLACETAMIDE,#BLD,,,KGS,973.0,150.0,145950.0,1701.148,1655216.949
25614,SSM2223JWGRN00016,06/05/2022,N-METHYL-2-OXO-2-PHENYLACETAMIDE,31000028,N-METHYL-2-OXO-2-PHENYLACETAMIDE,#009/22(P-I),,,KGS,950.0,150.0,142500.0,3076.301,2922485.64
29458,SSM2223JWGRN00030,05/05/2022,N-METHYL-2-OXO-2-PHENYLACETAMIDE,31000028,N-METHYL-2-OXO-2-PHENYLACETAMIDE,#008/22,,,KGS,1880.0,150.0,282000.0,2277.053,4280859.231
306745,SSM2324JWGRN00160,31/07/2023,"2,3 DI CHLORO PYRIDINE",26000008,"2,3 DCP CRUDE",#26 TO 29/23,0,0,KGS,1267.0,50.0,63350.0,573.592,726741.639
230723,SSM2324JWGRN00007,08/04/2023,"2,3 DI CHLORO PYRIDINE",26000008,"2,3 DCP CRUDE",#01+02+04/24,0,0,KGS,1560.0,50.0,78000.0,520.134,811408.681
222971,SSM2223JWGRN00389,15/03/2023,"2,3 DI CHLORO PYRIDINE",26000008,"2,3 DCP CRUDE",#01(RP)+08/23,0,0,KGS,895.0,50.0,44750.0,1142.154,1022228.209
223019,SSM2223JWGRN00390,11/03/2023,"2,3 DI CHLORO PYRIDINE",26000008,"2,3 DCP CRUDE",#06/23,0,0,KGS,376.0,50.0,18800.0,419.196,157617.527
223071,SSM2223JWGRN00393,20/03/2023,"2,3 DI CHLORO PYRIDINE",26000008,"2,3 DCP CRUDE",#11+12/23,0,0,KGS,527.0,50.0,26350.0,927.497,488790.941
233968,SSM2324JWGRN00014,14/04/2023,"2,3 DI CHLORO PYRIDINE",26000008,"2,3 DCP CRUDE",#05+06+07+08/24,0,0,KGS,1754.0,50.0,87700.0,438.216,768631.075
266670,SSM2324JWGRN00085,31/05/2023,"2,3 DI CHLORO PYRIDINE",26000008,"2,3 DCP CRUDE",24-SPIR0000010,0,0,KGS,0.0,50.0,0.0,0.0,0.0
256826,SSM2324JWGRN00062,17/05/2023,"2,3 DI CHLORO PYRIDINE",26000008,"2,3 DCP CRUDE",24-SPIR0000005,0,0,KGS,0.0,50.0,0.0,0.0,0.0
259075,SSM2324JWGRN00068,20/05/2023,"2,3 DI CHLORO PYRIDINE",26000008,"2,3 DCP CRUDE",24-SPIR0000006,0,0,KGS,0.0,50.0,0.0,0.0,0.0
291072,SSM2324JWGRN00124,29/06/2023,"2,3 DI CHLORO PYRIDINE",26000008,"2,3 DCP CRUDE",#17+18+19/23,0,0,KGS,0.0,50.0,0.0,0.0,0.0
264466,SSM2324JWGRN00080,28/05/2023,"2,3 DI CHLORO PYRIDINE",26000008,"2,3 DCP CRUDE",24-SPIR0000008+09,0,0,KGS,0.0,50.0,0.0,0.0,0.0
191849,SSM2223JWGRN00317,10/02/2023,"2,3 DI CHLORO PYRIDINE",26000008,"2,3 DCP CRUDE",#23-SPIR0000010,,,KGS,0.0,50.0,0.0,0.0,0.0
222402,SSM2223JWGRN00388,07/03/2023,"2,3 DI CHLORO PYRIDINE",26000008,"2,3 DCP CRUDE",#0030,0,0,KGS,0.0,50.0,0.0,0.0,0.0
240070,SSM2324JWGRN00031,22/04/2023,"2,3 DI CHLORO PYRIDINE",26000008,"2,3 DCP CRUDE",#12+13/24,0,0,KGS,882.0,50.0,44100.0,296.224,261269.373
256016,SSM2324JWGRN00059,12/05/2023,"2,3 DI CHLORO PYRIDINE",26000008,"2,3 DCP CRUDE",#14 TO 21/23,0,0,KGS,2232.0,50.0,111600.0,543.577,1213264.56
210804,SSM2223JWGRN00358,27/02/2023,DIMETHYL-2-METHYL GLUTARATE,26000196,MGDM DISTILLED METHANOL,#255/22,,,KGS,3895.0,11.0,42845.0,18.091,70465.0
227266,SSM2324JWGRN00003,02/04/2023,DIMETHYL-2-METHYL GLUTARATE,26000196,MGDM DISTILLED METHANOL,#04/23,0,0,KGS,6180.0,11.0,67980.0,18.202,112490.0
219277,SSM2223JWGRN00380,11/03/2023,DIMETHYL-2-METHYL GLUTARATE,26000196,MGDM DISTILLED METHANOL,#266/22,0,0,KGS,6200.0,11.0,68200.0,19.491,120845.0
290423,SSM2324JWGRN00122,29/06/2023,DIMETHYL-2-METHYL GLUTARATE,26000196,MGDM DISTILLED METHANOL,#88/23,0,0,KGS,3150.0,11.0,34650.0,18.967,59745.0
293967,SSM2324JWGRN00135,04/07/2023,DIMETHYL-2-METHYL GLUTARATE,26000196,MGDM DISTILLED METHANOL,#95/23,0,0,KGS,435.0,11.0,4785.0,19.034,8280.0
279559,SSM2324JWGRN00105,15/06/2023,DIMETHYL-2-METHYL GLUTARATE,26000196,MGDM DISTILLED METHANOL,#70/23,0,0,KGS,685.0,11.0,7535.0,18.715,12820.0
116681,SSM2223JWGRN00099,02/10/2022,DIMETHYL-2-METHYL GLUTARATE,26000196,MGDM DISTILLED METHANOL,#AAL/295/22-23,,,KGS,6260.0,13.5,84510.0,22.686,142014.127
148650,SSM2223JWGRN00158,19/11/2022,DIMETHYL-2-METHYL GLUTARATE,26000196,MGDM DISTILLED METHANOL,AAL/360/22-23,,,KGS,2310.0,13.5,31185.0,24.208,55920.0
150939,SSM2223JWGRN00161,21/11/2022,DIMETHYL-2-METHYL GLUTARATE,26000196,MGDM DISTILLED METHANOL,#AAL/368/22-23,,,KGS,3563.0,13.5,48100.5,22.377,79730.5
152326,SSM2223JWGRN00168,25/11/2022,DIMETHYL-2-METHYL GLUTARATE,26000196,MGDM DISTILLED METHANOL,#AAL/CHALLAN/064,,,KGS,346.0,0.0,0.0,5.0,1730.0
24609,SSM2223JWGRN00014,24/04/2022,DIMETHYL-2-METHYL GLUTARATE,26000196,MGDM DISTILLED METHANOL,AAL/029/22-23,,,KGS,3050.0,16.0,48800.0,25.156,76724.863
139159,SSM2223JWGRN00135,18/11/2022,DIMETHYL-2-METHYL GLUTARATE,26000196,MGDM DISTILLED METHANOL,#AAL/351/22-23,,,KGS,3985.0,13.5,53797.5,20.674,82387.5
33854,SSM2223JWGRN00033,24/05/2022,DIMETHYL-2-METHYL GLUTARATE,26000196,MGDM DISTILLED METHANOL,AAL/082/22-23,,,KGS,640.0,0.0,0.0,25.226,16144.5
125352,SSM2223JWGRN00110,17/10/2022,DIMETHYL-2-METHYL GLUTARATE,26000196,MGDM DISTILLED METHANOL,#AAL/319/22-23,,,KGS,2625.0,13.5,35437.5,23.412,61457.5
157375,SSM2223JWGRN00198,12/12/2022,DIMETHYL-2-METHYL GLUTARATE,26000196,MGDM DISTILLED METHANOL,#AAL/400/22-23,,,KGS,2720.0,13.5,36720.0,22.673,61670.0
161285,SSM2223JWGRN00209,13/12/2022,DIMETHYL-2-METHYL GLUTARATE,26000196,MGDM DISTILLED METHANOL,#AAL/408/22-23,,,KGS,3210.0,13.5,43335.0,21.933,70405.0
235540,SSM2324JWGRN00020,14/04/2023,DIMETHYL-2-METHYL GLUTARATE,26000196,MGDM DISTILLED METHANOL,#017/23,0,0,KGS,3875.0,11.0,42625.0,19.214,74455.0
264090,SSM2324JWGRN00078,13/05/2023,DIMETHYL-2-METHYL GLUTARATE,26000196,MGDM DISTILLED METHANOL,#45/23,0,0,KGS,6220.0,11.0,68420.0,19.382,120555.0
156191,SSM2223JWGRN00183,01/12/2022,DIMETHYL-2-METHYL GLUTARATE,26000196,MGDM DISTILLED METHANOL,AAL/380/22-23,,,KGS,2808.0,13.5,37908.0,22.384,62853.0
156241,SSM2223JWGRN00184,02/12/2022,DIMETHYL-2-METHYL GLUTARATE,26000196,MGDM DISTILLED METHANOL,AAL/382/22-23,,,KGS,2735.0,13.5,36922.5,22.515,61577.5
161205,SSM2223JWGRN00206,13/12/2022,DIMETHYL-2-METHYL GLUTARATE,26000196,MGDM DISTILLED METHANOL,#AAL/407/22-23,,,KGS,3755.0,13.5,50692.5,21.275,79887.5
197194,SSM2223JWGRN00327,12/02/2023,DIMETHYL-2-METHYL GLUTARATE,26000196,MGDM DISTILLED METHANOL,#237/22,,,KGS,5375.0,11.0,59125.0,17.594,94570.0
229446,SSM2324JWGRN00006,03/04/2023,"2,3 DI CHLORO PYRIDINE",26000008,"2,3 DCP CRUDE",#22+23/23,0,0,KGS,920.0,50.0,46000.0,264.083,242956.591
223134,SSM2223JWGRN00394,24/03/2023,"2,3 DI CHLORO PYRIDINE",26000008,"2,3 DCP CRUDE",#13+14/23,0,0,KGS,908.0,50.0,45400.0,684.71,621716.502
223141,SSM2223JWGRN00395,27/03/2023,"2,3 DI CHLORO PYRIDINE",26000008,"2,3 DCP CRUDE",#17+18/23,0,0,KGS,938.0,50.0,46900.0,365.218,342574.123
251752,SSM2324JWGRN00056,10/05/2023,"2,3 DI CHLORO PYRIDINE",26000008,"2,3 DCP CRUDE",24-SPIR0000003,0,0,KGS,0.0,50.0,0.0,0.0,0.0
239244,SSM2324JWGRN00029,21/04/2023,"2,3 DI CHLORO PYRIDINE",26000008,"2,3 DCP CRUDE",#09+10+11/24,0,0,KGS,1171.0,50.0,58550.0,423.336,495726.781
261816,SSM2324JWGRN00074,24/05/2023,"2,3 DI CHLORO PYRIDINE",26000008,"2,3 DCP CRUDE",24-SPIR0000007,0,0,KGS,0.0,50.0,0.0,0.0,0.0
270026,SSM2324JWGRN00093,05/06/2023,"2,3 DI CHLORO PYRIDINE",26000008,"2,3 DCP CRUDE",24-SPIR0000011,0,0,KGS,0.0,50.0,0.0,0.0,0.0
223028,SSM2223JWGRN00391,11/03/2023,"2,3 DI CHLORO PYRIDINE",26000008,"2,3 DCP CRUDE",#07/23,0,0,KGS,610.0,50.0,30500.0,380.48,232092.938
223044,SSM2223JWGRN00392,18/03/2023,"2,3 DI CHLORO PYRIDINE",26000008,"2,3 DCP CRUDE",#09+10/23,0,0,KGS,988.0,50.0,49400.0,471.311,465655.032
223162,SSM2223JWGRN00396,29/03/2023,"2,3 DI CHLORO PYRIDINE",26000008,"2,3 DCP CRUDE",#19+20+21/23,0,0,KGS,1125.0,50.0,56250.0,347.122,390512.572
193999,SSM2223JWGRN00323,14/02/2023,"2,3 DI CHLORO PYRIDINE",26000008,"2,3 DCP CRUDE",#23-SPIR0000011,,,KGS,0.0,50.0,0.0,0.0,0.0
242687,SSM2324JWGRN00040,27/04/2023,"2,3 DI CHLORO PYRIDINE",26000008,"2,3 DCP CRUDE",24-SPIR0000001,0,0,KGS,0.0,50.0,0.0,0.0,0.0
244836,SSM2324JWGRN00043,30/04/2023,"2,3 DI CHLORO PYRIDINE",26000008,"2,3 DCP CRUDE",24-SPIR0000002,0,0,KGS,0.0,50.0,0.0,0.0,0.0
289007,SSM2324JWGRN00121,28/06/2023,"2,3 DI CHLORO PYRIDINE",26000008,"2,3 DCP CRUDE",#22 TO 25/23,0,0,KGS,1408.0,50.0,70400.0,1020.342,1436640.882
610591,SSM2425JWGRN00115,23/01/2025,4-FLUORO-3-TRIFLUOROMETHYL PHENOL,26000083,4-FTMP CRUDE,#50+51/25,94.76,100,KGS,1155.0,0.0,0.0,1361.994,1573103.294
621054,SSM2425JWGRN00119,09/02/2025,4-FLUORO-3-TRIFLUOROMETHYL PHENOL,26000083,4-FTMP CRUDE,#84+85/25,93.56,100,KGS,1175.0,0.0,0.0,1341.146,1575846.241
602869,SSM2425JWGRN00108,09/01/2025,4-FLUORO-3-TRIFLUOROMETHYL PHENOL,26000083,4-FTMP CRUDE,#28+29/25,92.34,100,KGS,1185.0,0.0,0.0,1443.258,1710260.265
606286,SSM2425JWGRN00113,16/01/2025,4-FLUORO-3-TRIFLUOROMETHYL PHENOL,26000083,4-FTMP CRUDE,#40+41/25,90.81,100,KGS,1185.0,0.0,0.0,1323.761,1568657.214
615986,SSM2425JWGRN00117,31/01/2025,4-FLUORO-3-TRIFLUOROMETHYL PHENOL,26000083,4-FTMP CRUDE,#64+65+66+67/25,95.32,100,KGS,1820.0,0.0,0.0,1763.803,3210120.557
627668,SSM2425JWGRN00124,19/02/2025,4-FLUORO-3-TRIFLUOROMETHYL PHENOL,26000083,4-FTMP CRUDE,#100+101/25,93.24,100,KGS,1145.0,0.0,0.0,1376.503,1576096.213
628486,SSM2425JWGRN00125,21/02/2025,4-FLUORO-3-TRIFLUOROMETHYL PHENOL,26000083,4-FTMP CRUDE,#104+105+106+107/25,93.16,100,KGS,1840.0,0.0,0.0,1708.021,3142758.177
630876,SSM2425JWGRN00127,25/02/2025,4-FLUORO-3-TRIFLUOROMETHYL PHENOL,26000083,4-FTMP CRUDE,#112+113/25,94.34,100,KGS,1105.0,0.0,0.0,1418.68,1567641.21
601687,SSM2425JWGRN00107,06/01/2025,4-FLUORO-3-TRIFLUOROMETHYL PHENOL,26000083,4-FTMP CRUDE,#24+25/25,90.09,100,KGS,1155.0,0.0,0.0,1347.823,1556735.452
152256,SSM2223JWGRN00165,27/11/2022,DIMETHYL-2-METHYL GLUTARATE,26000196,MGDM DISTILLED METHANOL,AAL/375/22-23,,,KGS,2425.0,13.5,32737.5,23.469,56912.5
203244,SSM2223JWGRN00338,17/02/2023,DIMETHYL-2-METHYL GLUTARATE,26000196,MGDM DISTILLED METHANOL,#242/22,,,KGS,6240.0,11.0,68640.0,17.91,111760.0
24609,SSM2223JWGRN00014,24/04/2022,DIMETHYL-2-METHYL GLUTARATE,26000196,MGDM DISTILLED METHANOL,AAL/029/22-23,,,KGS,0.0,0.0,0.0,0.0,0.0
24808,SSM2223JWGRN00015,30/04/2022,DIMETHYL-2-METHYL GLUTARATE,26000196,MGDM DISTILLED METHANOL,AAL/038/22-23,,,KGS,2490.0,15.5,38595.0,37.567,93541.112
24808,SSM2223JWGRN00015,30/04/2022,DIMETHYL-2-METHYL GLUTARATE,26000196,MGDM DISTILLED METHANOL,AAL/038/22-23,,,KGS,3005.0,16.5,49582.5,16.5,49582.5
26253,SSM2223JWGRN00024,02/05/2022,DIMETHYL-2-METHYL GLUTARATE,26000196,MGDM DISTILLED METHANOL,AAL/040/22-23,,,KGS,3040.0,15.5,47120.0,24.008,72984.998
173232,SSM2223JWGRN00264,12/01/2023,DIMETHYL-2-METHYL GLUTARATE,26000196,MGDM DISTILLED METHANOL,#AAL/447/22-23,,,KGS,3200.0,13.5,43200.0,22.38,71615.0
143541,SSM2223JWGRN00143,18/11/2022,DIMETHYL-2-METHYL GLUTARATE,26000196,MGDM DISTILLED METHANOL,#AAL/354/22-23,,,KGS,3050.0,13.5,41175.0,21.666,66080.0
180602,SSM2223JWGRN00282,22/01/2023,DIMETHYL-2-METHYL GLUTARATE,26000196,MGDM DISTILLED METHANOL,#AAL/454/22-23,,,KGS,3785.0,13.5,51097.5,22.347,84582.5
210800,SSM2223JWGRN00357,21/02/2023,DIMETHYL-2-METHYL GLUTARATE,26000196,MGDM DISTILLED METHANOL,#249/22,,,KGS,3080.0,11.0,33880.0,18.091,55720.0
136187,SSM2223JWGRN00125,22/10/2022,DIMETHYL-2-METHYL GLUTARATE,26000196,MGDM DISTILLED METHANOL,AAL/333/22-23,,,KGS,3059.0,13.5,41296.5,23.051,70512.671
136205,SSM2223JWGRN00126,29/10/2022,DIMETHYL-2-METHYL GLUTARATE,26000196,MGDM DISTILLED METHANOL,AAL/CHALLAN/045,,,KGS,3090.0,13.0,40170.0,22.324,68980.0
138527,SSM2223JWGRN00133,17/11/2022,DIMETHYL-2-METHYL GLUTARATE,26000196,MGDM DISTILLED METHANOL,#AAL/343/22-23,,,KGS,2739.0,13.5,36976.5,21.983,60211.5
162634,SSM2223JWGRN00219,19/12/2022,DIMETHYL-2-METHYL GLUTARATE,26000196,MGDM DISTILLED METHANOL,#192/22,,,KGS,3755.0,9.0,33795.0,16.859,63305.0
189883,SSM2223JWGRN00311,04/02/2023,DIMETHYL-2-METHYL GLUTARATE,26000196,MGDM DISTILLED METHANOL,#228/22,,,KGS,4590.0,11.0,50490.0,18.243,83735.0
189894,SSM2223JWGRN00312,04/02/2023,DIMETHYL-2-METHYL GLUTARATE,26000196,MGDM DISTILLED METHANOL,#229/22,,,KGS,2255.0,11.0,24805.0,18.242,41135.0
191966,SSM2223JWGRN00318,07/02/2023,DIMETHYL-2-METHYL GLUTARATE,26000196,MGDM DISTILLED METHANOL,#231/22,,,KGS,3160.0,11.0,34760.0,18.049,57035.0
234130,SSM2324JWGRN00015,09/04/2023,DIMETHYL-2-METHYL GLUTARATE,26000196,MGDM DISTILLED METHANOL,#011/23,0,0,KGS,3705.0,11.0,40755.0,18.167,67310.0
219383,SSM2223JWGRN00383,21/03/2023,DIMETHYL-2-METHYL GLUTARATE,26000196,MGDM DISTILLED METHANOL,#280/22,0,0,KGS,6140.0,11.0,67540.0,18.865,115830.0
123038,SSM2223JWGRN00107,13/10/2022,DIMETHYL-2-METHYL GLUTARATE,26000196,MGDM DISTILLED METHANOL,#AAL/316/22-23,,,KGS,6270.0,13.5,84645.0,22.746,142615.0
152219,SSM2223JWGRN00162,22/11/2022,DIMETHYL-2-METHYL GLUTARATE,26000196,MGDM DISTILLED METHANOL,AAL/370/22-23,,,KGS,2810.0,13.5,37935.0,22.555,63380.0
177438,SSM2223JWGRN00275,10/01/2023,DIMETHYL-2-METHYL GLUTARATE,26000196,MGDM DISTILLED METHANOL,#212/22,,,KGS,2690.0,9.0,24210.0,16.771,45115.0
624062,SSM2425JWGRN00122,14/02/2025,4-FLUORO-3-TRIFLUOROMETHYL PHENOL,26000083,4-FTMP CRUDE,#92+93+94+95/25,93.40,100,KGS,2010.0,0.0,0.0,1564.623,3144892.443
633546,SSM2425JWGRN00128,28/02/2025,4-FLUORO-3-TRIFLUOROMETHYL PHENOL,26000083,4-FTMP CRUDE,#116+117+118+119/25,93.48,100,KGS,1790.0,0.0,0.0,1815.471,3249693.86
625255,SSM2425JWGRN00123,16/02/2025,4-FLUORO-3-TRIFLUOROMETHYL PHENOL,26000083,4-FTMP CRUDE,#96+97+98+99/25,94.82,100,KGS,2040.0,0.0,0.0,1589.445,3242466.872
597994,SSM2425JWGRN00102,01/01/2025,4-FLUORO-3-TRIFLUOROMETHYL PHENOL,26000083,4-FTMP CRUDE,#14+15/25,90.17,100,KGS,1306.0,0.0,0.0,1271.237,1660235.011
624062,SSM2425JWGRN00122,14/02/2025,4-FLUORO-3-TRIFLUOROMETHYL PHENOL,26000083,4-FTMP CRUDE,#88+89+90+91/25,93.40,100,KGS,2180.0,0.0,0.0,1466.703,3197412.509
598926,SSM2425JWGRN00103,03/01/2025,4-FLUORO-3-TRIFLUOROMETHYL PHENOL,26000083,4-FTMP CRUDE,#16+17+18+19/25,0,0,KGS,2350.0,0.0,0.0,1389.016,3264187.825
600163,SSM2425JWGRN00106,05/01/2025,4-FLUORO-3-TRIFLUOROMETHYL PHENOL,26000083,4-FTMP CRUDE,#20+21+22+23/25,83.48,100,KGS,2260.0,0.0,0.0,1424.918,3220314.764
624062,SSM2425JWGRN00122,14/02/2025,4-FLUORO-3-TRIFLUOROMETHYL PHENOL,26000083,4-FTMP CRUDE,#86+87/25,96.17,100,KGS,1225.0,0.0,0.0,1311.679,1606806.26
666362,SSM2526JWGRN00003,16/04/2025,4-FLUORO-3-TRIFLUOROMETHYL PHENOL,26000083,4-FTMP CRUDE,#01+02+03+04+05/26,96.50,100,KGS,5175.0,0.0,0.0,1496.545,7744620.013
275063,SSM2324JWGRN00102,11/06/2023,4-FLUORO-3-TRIFLUOROMETHYL PHENOL,26000083,4-FTMP CRUDE,#48+49/23,0,0,KGS,1225.0,180.81,221492.25,1619.487,1983871.051
327072,SSM2324JWGRN00195,13/09/2023,4-FLUORO-3-TRIFLUOROMETHYL PHENOL,26000083,4-FTMP CRUDE,#71+72/24,0,0,KGS,1460.0,180.81,263982.6,1335.596,1949969.98
597144,SSM2425JWGRN00101,31/12/2024,4-FLUORO-3-TRIFLUOROMETHYL PHENOL,26000083,4-FTMP CRUDE,#09+10+11+12+13/25,92.37,100,KGS,3215.0,0.0,0.0,1232.268,3961740.216
609963,SSM2425JWGRN00114,18/01/2025,4-FLUORO-3-TRIFLUOROMETHYL PHENOL,26000083,4-FTMP CRUDE,#44+45+46+47/25,89.04,100,KGS,1670.0,0.0,0.0,1873.814,3129269.729
610591,SSM2425JWGRN00115,23/01/2025,4-FLUORO-3-TRIFLUOROMETHYL PHENOL,26000083,4-FTMP CRUDE,#52+53+54+55/25,94.61,100,KGS,1590.0,0.0,0.0,2043.023,3248406.074
621012,SSM2425JWGRN00118,06/02/2025,4-FLUORO-3-TRIFLUOROMETHYL PHENOL,26000083,4-FTMP CRUDE,#76+77+78+79/25,92.98,100,KGS,2300.0,0.0,0.0,1643.982,3781159.545
419081,SSM2324JWGRN00301,17/02/2024,4-FLUORO-3-TRIFLUOROMETHYL PHENOL,26000083,4-FTMP CRUDE,#80 TO 91/24,0,0,KGS,6430.0,0.0,0.0,1629.991,10480839.544
592150,SSM2425JWGRN00098,20/12/2024,4-FLUORO-3-TRIFLUOROMETHYL PHENOL,26000083,4-FTMP CRUDE,#01+02+03+04/25,90.59,100,KGS,2070.0,0.0,0.0,1852.51,3834696.347
606286,SSM2425JWGRN00113,16/01/2025,4-FLUORO-3-TRIFLUOROMETHYL PHENOL,26000083,4-FTMP CRUDE,#38+39/25,90.64,100,KGS,1125.0,0.0,0.0,1389.775,1563497.214
615958,SSM2425JWGRN00116,26/01/2025,4-FLUORO-3-TRIFLUOROMETHYL PHENOL,26000083,4-FTMP CRUDE,#62+63/25,92.75,100,KGS,895.0,0.0,0.0,1743.622,1560541.298
615986,SSM2425JWGRN00117,31/01/2025,4-FLUORO-3-TRIFLUOROMETHYL PHENOL,26000083,4-FTMP CRUDE,#72+73+74+75/25,94.88,100,KGS,2120.0,0.0,0.0,1545.165,3275749.15
287930,SSM2324JWGRN00117,27/06/2023,4-FLUORO-3-TRIFLUOROMETHYL PHENOL,26000083,4-FTMP CRUDE,#54+55+56+57/24,0,0,KGS,1814.0,180.81,327989.34,2116.15,3838696.943
425639,SSM2324JWGRN00312,28/02/2024,4-FLUORO-3-TRIFLUOROMETHYL PHENOL,26000083,4-FTMP CRUDE,#92 TO 101/24,0,0,KGS,4833.0,0.0,0.0,1607.307,7768112.841
429450,SSM2324JWGRN00316,09/03/2024,"2,3 METHYL DICHLORO PROPIONATE",31000004,"2,3 METHYL DICHLORO PROPIONATE",#Sample#Max,0,0,KGS,2.0,0.0,0.0,97.5,195.0
443465,SSM2324JWGRN00340,26/03/2024,"2,3 METHYL DICHLORO PROPIONATE",26000011,"2,3 MDCP CRUDE",#01/24,0,0,KGS,1275.0,0.0,0.0,88.74,113143.833
649478,SSM2425JWGRN00138,27/03/2025,"2,3 METHYL DICHLORO PROPIONATE",26000011,"2,3 MDCP CRUDE",#01/25,97.20,100,KGS,2862.0,0.0,0.0,87.037,249100.0
443465,SSM2324JWGRN00340,26/03/2024,"2,3 METHYL DICHLORO PROPIONATE",26000011,"2,3 MDCP CRUDE",#01/24,0,0,KGS,0.0,0.0,0.0,0.0,0.0
465086,SSM2425JWGRN00033,08/05/2024,"2,4 DICHLORO BENZOYL CHLORIDE",26000029,"2,4 DCBC CRUDE",#11/24,0,0,KGS,0.0,0.0,0.0,0.0,0.0
465678,SSM2425JWGRN00035,09/05/2024,"2,4 DICHLORO BENZOYL CHLORIDE",26000029,"2,4 DCBC CRUDE",#12/24,0,0,KGS,7005.0,0.0,0.0,101.01,707573.482
467678,SSM2425JWGRN00037,11/05/2024,"2,4 DICHLORO BENZOYL CHLORIDE",26000029,"2,4 DCBC CRUDE",#14/24,0,0,KGS,0.0,0.0,0.0,0.0,0.0
473259,SSM2425JWGRN00042,21/05/2024,"2,4 DICHLORO BENZOYL CHLORIDE",26000029,"2,4 DCBC CRUDE",#18/24,0,0,KGS,0.0,0.0,0.0,0.0,0.0
475347,SSM2425JWGRN00043,25/05/2024,"2,4 DICHLORO BENZOYL CHLORIDE",26000029,"2,4 DCBC CRUDE",#19/24,0,0,KGS,0.0,0.0,0.0,0.0,0.0
482303,SSM2425JWGRN00045,06/06/2024,"2,4 DICHLORO BENZOYL CHLORIDE",26000029,"2,4 DCBC CRUDE",#21/24,0,0,KGS,0.0,0.0,0.0,0.0,0.0
459782,SSM2425JWGRN00030,01/05/2024,"2,4 DICHLORO BENZOYL CHLORIDE",26000029,"2,4 DCBC CRUDE",#08/24,0,0,KGS,6945.0,0.0,0.0,104.82,727972.001
472971,SSM2425JWGRN00041,18/05/2024,"2,4 DICHLORO BENZOYL CHLORIDE",26000029,"2,4 DCBC CRUDE",#17/24,0,0,KGS,7105.0,0.0,0.0,99.821,709231.098
475347,SSM2425JWGRN00043,25/05/2024,"2,4 DICHLORO BENZOYL CHLORIDE",26000029,"2,4 DCBC CRUDE",#19/24,0,0,KGS,7265.0,0.0,0.0,98.859,718213.83
389381,SSM2324JWGRN00255,01/01/2024,"2,4 DICHLORO BENZOYL CHLORIDE",26000029,"2,4 DCBC CRUDE",#05/23,0,0,KGS,6925.0,0.0,0.0,181.112,1254198.152
425045,SSM2324JWGRN00311,29/02/2024,"2,4 DICHLORO BENZOYL CHLORIDE",26000029,"2,4 DCBC CRUDE",#18/24,0,0,KGS,6975.0,0.0,0.0,105.589,736483.266
442152,SSM2324JWGRN00333,26/03/2024,"2,4 DICHLORO BENZOYL CHLORIDE",26000029,"2,4 DCBC CRUDE",#28/24,0,0,KGS,7185.0,0.0,0.0,107.231,770451.326
464600,SSM2425JWGRN00031,08/05/2024,"2,4 DICHLORO BENZOYL CHLORIDE",26000029,"2,4 DCBC CRUDE",#09/24,0,0,KGS,6915.0,0.0,0.0,106.169,734160.077
464610,SSM2425JWGRN00032,08/05/2024,"2,4 DICHLORO BENZOYL CHLORIDE",26000029,"2,4 DCBC CRUDE",#10/24,0,0,KGS,0.0,0.0,0.0,0.0,0.0
465086,SSM2425JWGRN00033,08/05/2024,"2,4 DICHLORO BENZOYL CHLORIDE",26000029,"2,4 DCBC CRUDE",#11/24,0,0,KGS,6955.0,0.0,0.0,105.114,731065.283
466501,SSM2425JWGRN00036,10/05/2024,"2,4 DICHLORO BENZOYL CHLORIDE",26000029,"2,4 DCBC CRUDE",#13/24,0,0,KGS,0.0,0.0,0.0,0.0,0.0
427866,SSM2324JWGRN00314,05/03/2024,"2,4 DICHLORO BENZOYL CHLORIDE",26000029,"2,4 DCBC CRUDE",#19/24,0,0,KGS,7065.0,0.0,0.0,108.702,767978.677
428165,SSM2324JWGRN00315,06/03/2024,"2,4 DICHLORO BENZOYL CHLORIDE",26000029,"2,4 DCBC CRUDE",#20/24,0,0,KGS,6815.0,0.0,0.0,106.397,725096.145
469809,SSM2425JWGRN00039,15/05/2024,"2,4 DICHLORO BENZOYL CHLORIDE",26000029,"2,4 DCBC CRUDE",#15/24,0,0,KGS,6935.0,0.0,0.0,104.856,727175.512
26253,SSM2223JWGRN00024,02/05/2022,DIMETHYL-2-METHYL GLUTARATE,26000196,MGDM DISTILLED METHANOL,AAL/040/22-23,,,KGS,355.0,16.5,5857.5,16.5,5857.5
125363,SSM2223JWGRN00111,19/10/2022,DIMETHYL-2-METHYL GLUTARATE,26000196,MGDM DISTILLED METHANOL,#AAL/327/22-23,,,KGS,5680.0,13.5,76680.0,22.582,128265.0
156513,SSM2223JWGRN00192,04/12/2022,DIMETHYL-2-METHYL GLUTARATE,26000196,MGDM DISTILLED METHANOL,#AAL/387/22-23,,,KGS,2870.0,13.5,38745.0,22.221,63775.0
157099,SSM2223JWGRN00194,06/12/2022,DIMETHYL-2-METHYL GLUTARATE,26000196,MGDM DISTILLED METHANOL,AAL/396/22-23,,,KGS,2680.0,13.5,36180.0,22.576,60505.0
197202,SSM2223JWGRN00328,13/02/2023,DIMETHYL-2-METHYL GLUTARATE,26000196,MGDM DISTILLED METHANOL,#239/22,,,KGS,2305.0,11.0,25355.0,17.594,40555.0
219255,SSM2223JWGRN00379,06/03/2023,DIMETHYL-2-METHYL GLUTARATE,26000196,MGDM DISTILLED METHANOL,#261/22,0,0,KGS,2900.0,11.0,31900.0,19.714,57170.0
116681,SSM2223JWGRN00099,02/10/2022,DIMETHYL-2-METHYL GLUTARATE,26000196,MGDM DISTILLED METHANOL,#AAL/295/22-23,,,KGS,0.0,0.0,0.0,0.0,0.0
161978,SSM2223JWGRN00211,18/12/2022,DIMETHYL-2-METHYL GLUTARATE,26000196,MGDM DISTILLED METHANOL,#AAL/418/22-23,,,KGS,3995.0,13.5,53932.5,21.541,86057.5
162296,SSM2223JWGRN00215,17/12/2022,DIMETHYL-2-METHYL GLUTARATE,26000196,MGDM DISTILLED METHANOL,#190/22,,,KGS,3110.0,9.0,27990.0,16.859,52430.0
210812,SSM2223JWGRN00359,02/03/2023,DIMETHYL-2-METHYL GLUTARATE,26000196,MGDM DISTILLED METHANOL,#258/22,,,KGS,3985.0,11.0,43835.0,18.014,71785.0
227222,SSM2223JWGRN00406,27/03/2023,DIMETHYL-2-METHYL GLUTARATE,26000196,MGDM DISTILLED METHANOL,#284/22,0,0,KGS,6240.0,11.0,68640.0,19.052,118885.0
189871,SSM2223JWGRN00310,02/02/2023,DIMETHYL-2-METHYL GLUTARATE,26000196,MGDM DISTILLED METHANOL,#227/22,,,KGS,3150.0,11.0,34650.0,18.243,57465.0
283643,SSM2324JWGRN00113,23/06/2023,DIMETHYL-2-METHYL GLUTARATE,26000196,MGDM DISTILLED METHANOL,#80/23,0,0,KGS,2355.0,11.0,25905.0,18.331,43170.0
284382,SSM2324JWGRN00114,24/06/2023,DIMETHYL-2-METHYL GLUTARATE,26000196,MGDM DISTILLED METHANOL,#83/23,0,0,KGS,4740.0,11.0,52140.0,18.368,87065.0
302595,SSM2324JWGRN00150,18/07/2023,DIMETHYL-2-METHYL GLUTARATE,26000196,MGDM DISTILLED METHANOL,#107/23,0,0,KGS,2680.0,11.0,29480.0,18.425,49380.0
303082,SSM2324JWGRN00154,22/07/2023,DIMETHYL-2-METHYL GLUTARATE,26000196,MGDM DISTILLED METHANOL,#115/23,0,0,KGS,3140.0,11.0,34540.0,19.755,62030.0
197208,SSM2223JWGRN00329,14/02/2023,DIMETHYL-2-METHYL GLUTARATE,26000196,MGDM DISTILLED METHANOL,#240/22,,,KGS,3070.0,11.0,33770.0,17.594,54015.0
219302,SSM2223JWGRN00381,12/03/2023,DIMETHYL-2-METHYL GLUTARATE,26000196,MGDM DISTILLED METHANOL,#267/22,0,0,KGS,3925.0,11.0,43175.0,19.222,75445.0
219334,SSM2223JWGRN00382,20/03/2023,DIMETHYL-2-METHYL GLUTARATE,26000196,MGDM DISTILLED METHANOL,#275/22,0,0,KGS,3120.0,11.0,34320.0,19.74,61590.0
219421,SSM2223JWGRN00384,20/03/2023,DIMETHYL-2-METHYL GLUTARATE,26000196,MGDM DISTILLED METHANOL,#269/22,0,0,KGS,3495.0,11.0,38445.0,17.645,61670.0
139094,SSM2223JWGRN00134,18/11/2022,DIMETHYL-2-METHYL GLUTARATE,26000196,MGDM DISTILLED METHANOL,#AAL/348/22-23,,,KGS,2850.0,13.5,38475.0,22.149,63125.0
183132,SSM2223JWGRN00288,24/01/2023,DIMETHYL-2-METHYL GLUTARATE,26000196,MGDM DISTILLED METHANOL,#AAL/457/22-23,,,KGS,3345.0,13.5,45157.5,23.643,79087.5
247792,SSM2324JWGRN00051,30/04/2023,4-FLUORO-3-TRIFLUOROMETHYL PHENOL,26000083,4-FTMP CRUDE,#22+23/23,0,0,KGS,1095.0,180.81,197986.95,1833.976,2008203.688
272544,SSM2324JWGRN00097,07/06/2023,4-FLUORO-3-TRIFLUOROMETHYL PHENOL,26000083,4-FTMP CRUDE,#46+47/23,0,0,KGS,1085.0,180.81,196178.85,1804.536,1957921.651
327067,SSM2324JWGRN00194,10/09/2023,4-FLUORO-3-TRIFLUOROMETHYL PHENOL,26000083,4-FTMP CRUDE,#66+67+68+69+70/24,0,0,KGS,2410.0,180.81,435752.1,2051.217,4943432.726
634310,SSM2425JWGRN00130,01/03/2025,4-FLUORO-3-TRIFLUOROMETHYL PHENOL,26000083,4-FTMP CRUDE,#122+123+124+125/25,94.14,100,KGS,1740.0,0.0,0.0,1778.188,3094047.981
214879,SSM2223JWGRN00364,07/03/2023,4-FLUORO-3-TRIFLUOROMETHYL PHENOL,26000083,4-FTMP CRUDE,#101+102/22,0,0,KGS,1590.0,180.81,287487.9,2350.532,3737345.097
214884,SSM2223JWGRN00365,11/03/2023,4-FLUORO-3-TRIFLUOROMETHYL PHENOL,26000083,4-FTMP CRUDE,#103+104/22,0,0,KGS,1135.0,180.81,205219.35,3223.239,3658376.547
215304,SSM2223JWGRN00367,15/03/2023,4-FLUORO-3-TRIFLUOROMETHYL PHENOL,26000083,4-FTMP CRUDE,#107+108/22,0,0,KGS,1225.0,180.81,221492.25,2997.52,3671961.447
226734,SSM2324JWGRN00001,01/04/2023,4-FLUORO-3-TRIFLUOROMETHYL PHENOL,26000083,4-FTMP CRUDE,#119+120/23,0,0,KGS,995.0,180.81,179905.95,1912.855,1903290.588
243338,SSM2324JWGRN00041,27/04/2023,4-FLUORO-3-TRIFLUOROMETHYL PHENOL,26000083,4-FTMP CRUDE,#18+19+20+21/23,0,0,KGS,2220.0,180.81,401398.2,1820.6,4041733.035
270114,SSM2324JWGRN00094,03/06/2023,4-FLUORO-3-TRIFLUOROMETHYL PHENOL,26000083,4-FTMP CRUDE,#44+45/23,0,0,KGS,1055.0,180.81,190754.55,1861.695,1964088.324
621054,SSM2425JWGRN00119,09/02/2025,4-FLUORO-3-TRIFLUOROMETHYL PHENOL,26000083,4-FTMP CRUDE,#82+83/25,93.82,100,KGS,1075.0,0.0,0.0,1485.271,1596666.25
605725,SSM2425JWGRN00110,11/01/2025,4-FLUORO-3-TRIFLUOROMETHYL PHENOL,26000083,4-FTMP CRUDE,#32+33/25,92.27,100,KGS,1185.0,0.0,0.0,1319.407,1563497.214
605755,SSM2425JWGRN00112,13/01/2025,4-FLUORO-3-TRIFLUOROMETHYL PHENOL,26000083,4-FTMP CRUDE,#36+37/25,90.40,100,KGS,1085.0,0.0,0.0,1441.011,1563497.214
615958,SSM2425JWGRN00116,26/01/2025,4-FLUORO-3-TRIFLUOROMETHYL PHENOL,26000083,4-FTMP CRUDE,#58+59+60+61/25,93.25,100,KGS,2160.0,0.0,0.0,1448.155,3128015.589
593862,SSM2425JWGRN00099,26/12/2024,4-FLUORO-3-TRIFLUOROMETHYL PHENOL,26000083,4-FTMP CRUDE,#05+06+07+08/25,96.60,100,KGS,2350.0,0.0,0.0,1330.413,3126470.3
597144,SSM2425JWGRN00101,31/12/2024,4-FLUORO-3-TRIFLUOROMETHYL PHENOL,26000083,4-FTMP CRUDE,#09+10+11+12+13/25,91.38,100,KGS,0.0,0.0,0.0,0.0,0.0
610591,SSM2425JWGRN00115,23/01/2025,4-FLUORO-3-TRIFLUOROMETHYL PHENOL,26000083,4-FTMP CRUDE,#48+49/25,95.22,100,KGS,1165.0,0.0,0.0,1356.981,1580883.265
610591,SSM2425JWGRN00115,23/01/2025,4-FLUORO-3-TRIFLUOROMETHYL PHENOL,26000083,4-FTMP CRUDE,#56+57/25,92.85,100,KGS,955.0,0.0,0.0,1647.229,1573103.294
621054,SSM2425JWGRN00119,09/02/2025,4-FLUORO-3-TRIFLUOROMETHYL PHENOL,26000083,4-FTMP CRUDE,#80+81/25,94.30,100,KGS,1105.0,0.0,0.0,1427.101,1576946.241
592150,SSM2425JWGRN00098,20/12/2024,4-FLUORO-3-TRIFLUOROMETHYL PHENOL,26000083,4-FTMP CRUDE,#01+02+03+04/25,90.59,100,KGS,0.0,0.0,0.0,0.0,0.0
602869,SSM2425JWGRN00108,09/01/2025,4-FLUORO-3-TRIFLUOROMETHYL PHENOL,26000083,4-FTMP CRUDE,#26+27/25,92.61,100,KGS,1165.0,0.0,0.0,1349.307,1571942.974
605596,SSM2425JWGRN00109,10/01/2025,4-FLUORO-3-TRIFLUOROMETHYL PHENOL,26000083,4-FTMP CRUDE,#30+31/25,92.96,100,KGS,1336.0,0.0,0.0,1181.225,1578117.214
113001,SSM2223JWGRN00094,01/09/2022,"2,6 DIMETHOXY BENZOIC ACID",31000009,"2,6 DIMETHOXY BENZOIC ACID",#01+02/22,,,KGS,1820.0,335.0,609700.0,4138.794,7532604.919
113002,SSM2223JWGRN00095,10/09/2022,"2,6 DIMETHOXY BENZOIC ACID",31000009,"2,6 DIMETHOXY BENZOIC ACID",#03TO#06/22,,,KGS,3998.0,335.0,1339330.0,3924.748,15691143.294
113003,SSM2223JWGRN00096,25/09/2022,"2,6 DIMETHOXY BENZOIC ACID",31000009,"2,6 DIMETHOXY BENZOIC ACID",#07+08+09/22,,,KGS,2956.8,335.0,990528.0,3963.478,11719211.204
113004,SSM2223JWGRN00097,24/09/2022,"2,6 DIMETHOXY BENZOIC ACID",31000009,"2,6 DIMETHOXY BENZOIC ACID","#1,2,6&10/22",,,KGS,1240.0,335.0,415400.0,3022.698,3748145.42
169957,SSM2223JWGRN00245,05/12/2022,"2,6 DIMETHOXY BENZOIC ACID",31000009,"2,6 DIMETHOXY BENZOIC ACID",#39+40/22,,,KGS,1800.0,335.0,603000.0,1808.194,3254750.069
169994,SSM2223JWGRN00246,10/12/2022,"2,6 DIMETHOXY BENZOIC ACID",31000009,"2,6 DIMETHOXY BENZOIC ACID",#41+42/22,,,KGS,1800.0,335.0,603000.0,1789.558,3221204.213
170026,SSM2223JWGRN00250,29/12/2022,"2,6 DIMETHOXY BENZOIC ACID",31000009,"2,6 DIMETHOXY BENZOIC ACID",#48+49/22,,,KGS,1800.0,335.0,603000.0,1785.28,3213503.984
126959,SSM2223JWGRN00113,31/10/2022,"2,6 DIMETHOXY BENZOIC ACID",31000009,"2,6 DIMETHOXY BENZOIC ACID",#13to#17/22,,,KGS,5006.0,335.0,1677010.0,2319.63,11612067.987
127039,SSM2223JWGRN00115,31/10/2022,"2,6 DIMETHOXY BENZOIC ACID",31000009,"2,6 DIMETHOXY BENZOIC ACID",#BLD001to#17,,,KGS,1700.0,1.0,1700.0,3257.128,5537118.449
154866,SSM2223JWGRN00177,30/11/2022,"2,6 DIMETHOXY BENZOIC ACID",31000009,"2,6 DIMETHOXY BENZOIC ACID",#35+36(I)/22,,,KGS,1350.0,335.0,452250.0,2179.778,2942700.919
154867,SSM2223JWGRN00178,30/11/2022,"2,6 DIMETHOXY BENZOIC ACID",31000009,"2,6 DIMETHOXY BENZOIC ACID",#36-PII+37-PI/22,,,KGS,900.0,335.0,301500.0,2180.281,1962252.675
154868,SSM2223JWGRN00179,30/11/2022,"2,6 DIMETHOXY BENZOIC ACID",31000009,"2,6 DIMETHOXY BENZOIC ACID",#01/22(RP),,,KGS,900.0,1.0,900.0,2417.955,2176159.564
154869,SSM2223JWGRN00180,01/12/2022,"2,6 DIMETHOXY BENZOIC ACID",31000009,"2,6 DIMETHOXY BENZOIC ACID",#02(RP)+03(RP)/22,,,KGS,1800.0,1.0,1800.0,2318.526,4173345.954
169923,SSM2223JWGRN00244,02/12/2022,"2,6 DIMETHOXY BENZOIC ACID",31000009,"2,6 DIMETHOXY BENZOIC ACID",#37+38/22,,,KGS,1350.0,335.0,452250.0,1807.061,2439532.388
364237,SSM2324JWGRN00222,24/11/2023,"2,6 DIMETHOXY BENZOIC ACID",31000009,"2,6 DIMETHOXY BENZOIC ACID",#25(P-I)+26/23,0,0,KGS,0.0,0.0,0.0,0.0,0.0
194391,SSM2223JWGRN00324,31/01/2023,"2,6 DIMETHOXY BENZOIC ACID",31000009,"2,6 DIMETHOXY BENZOIC ACID",#52(P-II)+53+54(P-I),,,KGS,1832.0,335.0,613720.0,881.655,1615191.563
309018,SSM2324JWGRN00167,05/07/2023,"2,6 DIMETHOXY BENZOIC ACID",31000009,"2,6 DIMETHOXY BENZOIC ACID",#26(P-III)+27(P-I)/23,0,0,KGS,0.0,50.0,0.0,0.0,0.0
309066,SSM2324JWGRN00168,06/07/2023,"2,6 DIMETHOXY BENZOIC ACID",31000009,"2,6 DIMETHOXY BENZOIC ACID",#27(P-II)+28+BLEND01/23,0,0,KGS,0.0,50.0,0.0,0.0,0.0
309091,SSM2324JWGRN00169,06/07/2023,"2,6 DIMETHOXY BENZOIC ACID",31000009,"2,6 DIMETHOXY BENZOIC ACID",#29/23,0,0,KGS,900.0,335.0,301500.0,1413.587,1272228.616
309157,SSM2324JWGRN00170,18/07/2023,"2,6 DIMETHOXY BENZOIC ACID",31000009,"2,6 DIMETHOXY BENZOIC ACID",#30+31(P-I)/23,0,0,KGS,1800.0,335.0,603000.0,1470.975,2647755.011
309258,SSM2324JWGRN00172,18/07/2023,"2,6 DIMETHOXY BENZOIC ACID",31000009,"2,6 DIMETHOXY BENZOIC ACID",#33(P-II)+34/23,0,0,KGS,900.0,335.0,301500.0,1537.005,1383304.324
189852,SSM2223JWGRN00308,23/01/2023,DIMETHYL-2-METHYL GLUTARATE,26000196,MGDM DISTILLED METHANOL,#221/22,,,KGS,5495.0,11.0,60445.0,18.868,103680.0
189859,SSM2223JWGRN00309,27/01/2023,DIMETHYL-2-METHYL GLUTARATE,26000196,MGDM DISTILLED METHANOL,#223/22,,,KGS,5820.0,11.0,64020.0,18.645,108515.0
156658,SSM2223JWGRN00193,05/12/2022,DIMETHYL-2-METHYL GLUTARATE,26000196,MGDM DISTILLED METHANOL,#AAL/394/22-23,,,KGS,5615.0,13.5,75802.5,22.174,124507.5
157262,SSM2223JWGRN00196,09/12/2022,DIMETHYL-2-METHYL GLUTARATE,26000196,MGDM DISTILLED METHANOL,#AAL/398/22-23,,,KGS,5920.0,13.5,79920.0,22.367,132410.0
148611,SSM2223JWGRN00157,15/11/2022,DIMETHYL-2-METHYL GLUTARATE,26000196,MGDM DISTILLED METHANOL,AAL/356/22-23,,,KGS,2915.0,13.5,39352.5,21.941,63957.5
150910,SSM2223JWGRN00160,19/11/2022,DIMETHYL-2-METHYL GLUTARATE,26000196,MGDM DISTILLED METHANOL,#AAL/361/22-23,,,KGS,2675.0,13.5,36112.5,22.734,60812.5
152232,SSM2223JWGRN00163,25/11/2022,DIMETHYL-2-METHYL GLUTARATE,26000196,MGDM DISTILLED METHANOL,AAL/373/22-23,,,KGS,3035.0,13.5,40972.5,21.306,64662.5
152248,SSM2223JWGRN00164,27/11/2022,DIMETHYL-2-METHYL GLUTARATE,26000196,MGDM DISTILLED METHANOL,AAL/374/22-23,,,KGS,2700.0,13.5,36450.0,22.337,60310.0
290426,SSM2324JWGRN00123,03/07/2023,DIMETHYL-2-METHYL GLUTARATE,26000196,MGDM DISTILLED METHANOL,#93/23,0,0,KGS,6370.0,11.0,70070.0,19.031,121225.0
280750,SSM2324JWGRN00107,19/06/2023,DIMETHYL-2-METHYL GLUTARATE,26000196,MGDM DISTILLED METHANOL,#76/23,0,0,KGS,2345.0,11.0,25795.0,18.58,43570.0
309337,SSM2324JWGRN00174,03/08/2023,DIMETHYL-2-METHYL GLUTARATE,26000196,MGDM DISTILLED METHANOL,#126/23,0,0,KGS,6300.0,11.0,69300.0,18.584,117080.0
309355,SSM2324JWGRN00175,04/08/2023,DIMETHYL-2-METHYL GLUTARATE,26000196,MGDM DISTILLED METHANOL,#127/23,0,0,KGS,3655.0,11.0,40205.0,18.744,68510.0
191972,SSM2223JWGRN00319,08/02/2023,DIMETHYL-2-METHYL GLUTARATE,26000196,MGDM DISTILLED METHANOL,#232/22,,,KGS,6310.0,11.0,69410.0,18.05,113895.0
192190,SSM2223JWGRN00322,10/02/2023,DIMETHYL-2-METHYL GLUTARATE,26000196,MGDM DISTILLED METHANOL,#236/22,,,KGS,2015.0,11.0,22165.0,18.05,36370.0
203363,SSM2223JWGRN00339,19/02/2023,DIMETHYL-2-METHYL GLUTARATE,26000196,MGDM DISTILLED METHANOL,#244/22,,,KGS,1360.0,11.0,14960.0,17.908,24355.0
242003,SSM2324JWGRN00039,22/04/2023,DIMETHYL-2-METHYL GLUTARATE,26000196,MGDM DISTILLED METHANOL,#26/23,0,0,KGS,6270.0,11.0,68970.0,19.331,121205.0
293979,SSM2324JWGRN00136,08/07/2023,DIMETHYL-2-METHYL GLUTARATE,26000196,MGDM DISTILLED METHANOL,#98/23,0,0,KGS,6350.0,11.0,69850.0,18.263,115970.0
297973,SSM2324JWGRN00145,12/07/2023,DIMETHYL-2-METHYL GLUTARATE,26000196,MGDM DISTILLED METHANOL,#102/23,0,0,KGS,6270.0,11.0,68970.0,18.44,115620.0
298448,SSM2324JWGRN00147,17/07/2023,DIMETHYL-2-METHYL GLUTARATE,26000196,MGDM DISTILLED METHANOL,#105/23,0,0,KGS,6230.0,11.0,68530.0,18.425,114790.0
417643,SSM2324JWGRN00297,02/02/2024,DIMETHYL-2-METHYL GLUTARATE,26000196,MGDM DISTILLED METHANOL,211/23,0,0,KGS,405.0,0.0,0.0,13.457,5450.0
227269,SSM2324JWGRN00004,02/04/2023,DIMETHYL-2-METHYL GLUTARATE,26000196,MGDM DISTILLED METHANOL,#05/23,0,0,KGS,4090.0,11.0,44990.0,18.203,74450.0
274651,SSM2324JWGRN00099,01/06/2023,DIMETHYL-2-METHYL GLUTARATE,26000196,MGDM DISTILLED METHANOL,#63/23,0,0,KGS,2335.0,11.0,25685.0,18.199,42495.0
492565,SSM2425JWGRN00061,19/06/2024,"2,4 DICHLORO BENZOYL CHLORIDE",26000029,"2,4 DCBC CRUDE",#24/24,0,0,KGS,0.0,0.0,0.0,0.0,0.0
482187,SSM2425JWGRN00044,02/06/2024,"2,4 DICHLORO BENZOYL CHLORIDE",26000029,"2,4 DCBC CRUDE",#20/24,0,0,KGS,0.0,0.0,0.0,0.0,0.0
464610,SSM2425JWGRN00032,08/05/2024,"2,4 DICHLORO BENZOYL CHLORIDE",26000029,"2,4 DCBC CRUDE",#10/24,0,0,KGS,6865.0,0.0,0.0,107.965,741178.735
465678,SSM2425JWGRN00035,09/05/2024,"2,4 DICHLORO BENZOYL CHLORIDE",26000029,"2,4 DCBC CRUDE",#12/24,0,0,KGS,0.0,0.0,0.0,0.0,0.0
421479,SSM2324JWGRN00307,22/02/2024,"2,4 DICHLORO BENZOYL CHLORIDE",26000029,"2,4 DCBC CRUDE",#16/24,0,0,KGS,0.0,0.0,0.0,0.0,0.0
424673,SSM2324JWGRN00310,27/02/2024,"2,4 DICHLORO BENZOYL CHLORIDE",26000029,"2,4 DCBC CRUDE",#17/24,0,0,KGS,0.0,0.0,0.0,0.0,0.0
438172,SSM2324JWGRN00327,22/03/2024,"2,4 DICHLORO BENZOYL CHLORIDE",26000029,"2,4 DCBC CRUDE",#26/24,0,0,KGS,7025.0,0.0,0.0,113.39,796562.531
472914,SSM2425JWGRN00040,18/05/2024,"2,4 DICHLORO BENZOYL CHLORIDE",26000029,"2,4 DCBC CRUDE",#16/24,0,0,KGS,0.0,0.0,0.0,0.0,0.0
472971,SSM2425JWGRN00041,18/05/2024,"2,4 DICHLORO BENZOYL CHLORIDE",26000029,"2,4 DCBC CRUDE",#17/24,0,0,KGS,0.0,0.0,0.0,0.0,0.0
473259,SSM2425JWGRN00042,21/05/2024,"2,4 DICHLORO BENZOYL CHLORIDE",26000029,"2,4 DCBC CRUDE",#18/24,0,0,KGS,7165.0,0.0,0.0,101.767,729160.552
482187,SSM2425JWGRN00044,02/06/2024,"2,4 DICHLORO BENZOYL CHLORIDE",26000029,"2,4 DCBC CRUDE",#20/24,0,0,KGS,7056.0,0.0,0.0,101.318,714902.691
482303,SSM2425JWGRN00045,06/06/2024,"2,4 DICHLORO BENZOYL CHLORIDE",26000029,"2,4 DCBC CRUDE",#21/24,0,0,KGS,7055.0,0.0,0.0,100.955,712236.11
412275,SSM2324JWGRN00281,27/01/2024,"2,4 DICHLORO BENZOYL CHLORIDE",26000029,"2,4 DCBC CRUDE",#09/23,0,0,KGS,7075.0,0.0,0.0,121.058,856488.44
413200,SSM2324JWGRN00283,02/02/2024,"2,4 DICHLORO BENZOYL CHLORIDE",26000029,"2,4 DCBC CRUDE",#11/23,0,0,KGS,0.0,0.0,0.0,0.0,0.0
413756,SSM2324JWGRN00284,03/02/2024,"2,4 DICHLORO BENZOYL CHLORIDE",26000029,"2,4 DCBC CRUDE",#12/23,0,0,KGS,6815.0,0.0,0.0,118.187,805443.345
413772,SSM2324JWGRN00285,07/02/2024,"2,4 DICHLORO BENZOYL CHLORIDE",26000029,"2,4 DCBC CRUDE",#13/23,0,0,KGS,6695.0,0.0,0.0,119.882,802607.657
413772,SSM2324JWGRN00285,07/02/2024,"2,4 DICHLORO BENZOYL CHLORIDE",26000029,"2,4 DCBC CRUDE",#13/23,0,0,KGS,0.0,0.0,0.0,0.0,0.0
447481,SSM2425JWGRN00005,06/04/2024,"2,4 DICHLORO BENZOYL CHLORIDE",26000029,"2,4 DCBC CRUDE",#31/24,0,0,KGS,7037.0,0.0,0.0,110.886,780302.9
488012,SSM2425JWGRN00055,16/06/2024,"2,4 DICHLORO BENZOYL CHLORIDE",26000029,"2,4 DCBC CRUDE",#23/24,0,0,KGS,0.0,0.0,0.0,0.0,0.0
417633,SSM2324JWGRN00296,11/02/2024,"2,4 DICHLORO BENZOYL CHLORIDE",26000029,"2,4 DCBC CRUDE",#14/23,0,0,KGS,6910.0,0.0,0.0,118.36,817869.292
485226,SSM2425JWGRN00052,07/06/2024,"2,4 DICHLORO BENZOYL CHLORIDE",26000029,"2,4 DCBC CRUDE",#22/24,0,0,KGS,7155.0,0.0,0.0,102.403,732696.61
452005,SSM2425JWGRN00014,15/04/2024,"2,4 DICHLORO BENZOYL CHLORIDE",26000029,"2,4 DCBC CRUDE",#05/24,0,0,KGS,0.0,0.0,0.0,0.0,0.0
436359,SSM2324JWGRN00325,16/03/2024,"2,4 DICHLORO BENZOYL CHLORIDE",26000029,"2,4 DCBC CRUDE",#24/24,0,0,KGS,7025.0,0.0,0.0,110.342,775149.498
492565,SSM2425JWGRN00061,19/06/2024,"2,4 DICHLORO BENZOYL CHLORIDE",26000029,"2,4 DCBC CRUDE",#24/24,0,0,KGS,7015.0,0.0,0.0,182.852,1282703.941
605746,SSM2425JWGRN00111,12/01/2025,4-FLUORO-3-TRIFLUOROMETHYL PHENOL,26000083,4-FTMP CRUDE,#34+35/25,93.18,100,KGS,1186.0,0.0,0.0,1392.868,1651941.214
606286,SSM2425JWGRN00113,16/01/2025,4-FLUORO-3-TRIFLUOROMETHYL PHENOL,26000083,4-FTMP CRUDE,#42+43/25,90.10,100,KGS,1035.0,0.0,0.0,1510.625,1563497.214
615986,SSM2425JWGRN00117,31/01/2025,4-FLUORO-3-TRIFLUOROMETHYL PHENOL,26000083,4-FTMP CRUDE,#68+69+70+71/25,93.81,100,KGS,1710.0,0.0,0.0,2012.175,3440819.142
627668,SSM2425JWGRN00124,19/02/2025,4-FLUORO-3-TRIFLUOROMETHYL PHENOL,26000083,4-FTMP CRUDE,#102+103/25,92.85,100,KGS,965.0,0.0,0.0,1626.317,1569396.213
629441,SSM2425JWGRN00126,23/02/2025,4-FLUORO-3-TRIFLUOROMETHYL PHENOL,26000083,4-FTMP CRUDE,#108+109+110+111/25,95.23,100,KGS,1860.0,0.0,0.0,1678.001,3121082.425
630876,SSM2425JWGRN00127,25/02/2025,4-FLUORO-3-TRIFLUOROMETHYL PHENOL,26000083,4-FTMP CRUDE,#114+115/25,94.43,100,KGS,985.0,0.0,0.0,1929.754,1900807.891
633546,SSM2425JWGRN00128,28/02/2025,4-FLUORO-3-TRIFLUOROMETHYL PHENOL,26000083,4-FTMP CRUDE,#120+121/25,94.48,100,KGS,1165.0,0.0,0.0,1324.999,1543623.991
636158,SSM2425JWGRN00131,05/03/2025,4-FLUORO-3-TRIFLUOROMETHYL PHENOL,26000083,4-FTMP CRUDE,#126+127+128+129/25,94.65,100,KGS,1770.0,0.0,0.0,1744.208,3087247.977
248957,SSM2324JWGRN00053,06/05/2023,4-FLUORO-3-TRIFLUOROMETHYL PHENOL,26000083,4-FTMP CRUDE,#24+25+26+27/23,0,0,KGS,2200.0,180.81,397782.0,1759.185,3870206.397
268262,SSM2324JWGRN00092,31/05/2023,4-FLUORO-3-TRIFLUOROMETHYL PHENOL,26000083,4-FTMP CRUDE,#42+43/23,0,0,KGS,1155.0,180.81,208835.55,1753.919,2025776.431
196783,SSM2223JWGRN00326,17/02/2023,4-FLUORO-3-TRIFLUOROMETHYL PHENOL,26000083,4-FTMP CRUDE,#85+86/22,,,KGS,1260.0,180.81,227820.6,2901.188,3655496.871
199755,SSM2223JWGRN00331,19/02/2023,4-FLUORO-3-TRIFLUOROMETHYL PHENOL,26000083,4-FTMP CRUDE,#87+88/22,,,KGS,1470.0,180.81,265790.7,2512.562,3693465.675
215293,SSM2223JWGRN00366,13/03/2023,4-FLUORO-3-TRIFLUOROMETHYL PHENOL,26000083,4-FTMP CRUDE,#105+106/22,0,0,KGS,915.0,180.81,165441.15,3954.669,3618522.347
223214,SSM2223JWGRN00399,30/03/2023,4-FLUORO-3-TRIFLUOROMETHYL PHENOL,26000083,4-FTMP CRUDE,#115+116/22,0,0,KGS,1095.0,180.81,197986.95,3331.166,3647626.227
15890,SSM2223JWGRN00010,26/04/2022,4-FLUORO-3-TRIFLUOROMETHYL PHENOL,26000083,4-FTMP CRUDE,#011+12/22,,,KGS,1530.0,161.0,246330.0,2344.835,3587597.333
6735,SSM2223JWGRN00002,13/04/2022,4-FLUORO-3-TRIFLUOROMETHYL PHENOL,26000083,4-FTMP CRUDE,05-Apr-2022,,,KGS,1359.0,161.0,218799.0,2632.491,3577555.0
37236,SSM2223JWGRN00034,30/05/2022,4-FLUORO-3-TRIFLUOROMETHYL PHENOL,26000083,4-FTMP CRUDE,#37-#40,,,KGS,2423.0,161.0,390103.0,2863.643,6938606.036
39476,SSM2223JWGRN00036,01/06/2022,4-FLUORO-3-TRIFLUOROMETHYL PHENOL,26000083,4-FTMP CRUDE,#41+42/22,,,KGS,1067.0,161.0,171787.0,3192.774,3406690.373
39778,SSM2223JWGRN00039,08/06/2022,4-FLUORO-3-TRIFLUOROMETHYL PHENOL,26000083,4-FTMP CRUDE,#45+46+47/22,0,0,KGS,1722.0,161.0,277242.0,3206.829,5522159.95
174147,SSM2223JWGRN00269,13/01/2023,4-FLUORO-3-TRIFLUOROMETHYL PHENOL,26000083,4-FTMP CRUDE,#63+64/22,,,KGS,1155.0,180.81,208835.55,3142.911,3630062.523
25773,SSM2223JWGRN00017,03/05/2022,4-FLUORO-3-TRIFLUOROMETHYL PHENOL,26000083,4-FTMP CRUDE,#15+16+17+18/22,,,KGS,2790.0,161.0,449190.0,2472.086,6897118.666
26121,SSM2223JWGRN00021,09/05/2022,4-FLUORO-3-TRIFLUOROMETHYL PHENOL,26000083,4-FTMP CRUDE,#25+26/22,,,KGS,1453.0,161.0,233933.0,2394.544,3479272.333
309284,SSM2324JWGRN00173,22/07/2023,"2,6 DIMETHOXY BENZOIC ACID",31000009,"2,6 DIMETHOXY BENZOIC ACID",#35+BLEND02/23,0,0,KGS,0.0,50.0,0.0,0.0,0.0
236673,SSM2324JWGRN00023,17/04/2023,"2,6 DIMETHOXY BENZOIC ACID",31000009,"2,6 DIMETHOXY BENZOIC ACID",#02+03(P1)/23,0,0,KGS,1800.0,335.0,603000.0,2510.758,4519364.401
241288,SSM2324JWGRN00037,25/04/2023,"2,6 DIMETHOXY BENZOIC ACID",31000009,"2,6 DIMETHOXY BENZOIC ACID",#06/23,0,0,KGS,900.0,335.0,301500.0,2257.994,2032194.726
291457,SSM2324JWGRN00131,20/06/2023,"2,6 DIMETHOXY BENZOIC ACID",31000009,"2,6 DIMETHOXY BENZOIC ACID",#21+22/23,0,0,KGS,1800.0,335.0,603000.0,2711.583,4880849.243
210492,SSM2223JWGRN00355,22/02/2023,"2,6 DIMETHOXY BENZOIC ACID",31000009,"2,6 DIMETHOXY BENZOIC ACID",#13+14/22,,,KGS,0.0,335.0,0.0,0.0,0.0
210985,SSM2223JWGRN00361,25/02/2023,"2,6 DIMETHOXY BENZOIC ACID",31000009,"2,6 DIMETHOXY BENZOIC ACID",#15/23,,,KGS,0.0,335.0,0.0,0.0,0.0
224626,SSM2223JWGRN00400,28/03/2023,"2,6 DIMETHOXY BENZOIC ACID",31000009,"2,6 DIMETHOXY BENZOIC ACID",#58+59/22,0,0,KGS,1800.0,335.0,603000.0,2680.027,4824048.652
127017,SSM2223JWGRN00114,31/10/2022,"2,6 DIMETHOXY BENZOIC ACID",31000009,"2,6 DIMETHOXY BENZOIC ACID",#18to20/22,,,KGS,3055.0,335.0,1023425.0,2430.057,7423824.356
170015,SSM2223JWGRN00248,25/12/2022,"2,6 DIMETHOXY BENZOIC ACID",31000009,"2,6 DIMETHOXY BENZOIC ACID",#44+45/22,,,KGS,1800.0,335.0,603000.0,1793.492,3228285.617
170019,SSM2223JWGRN00249,28/12/2022,"2,6 DIMETHOXY BENZOIC ACID",31000009,"2,6 DIMETHOXY BENZOIC ACID",#46+47/22,,,KGS,1800.0,335.0,603000.0,1826.275,3287294.228
170033,SSM2223JWGRN00251,31/12/2022,"2,6 DIMETHOXY BENZOIC ACID",31000009,"2,6 DIMETHOXY BENZOIC ACID",#050(P-I)/22,,,KGS,450.0,335.0,150750.0,2029.42,913238.815
170035,SSM2223JWGRN00252,31/12/2022,"2,6 DIMETHOXY BENZOIC ACID",31000009,"2,6 DIMETHOXY BENZOIC ACID",#50(P-II)+51+52,,,KGS,1800.0,335.0,603000.0,1855.333,3339599.357
146636,SSM2223JWGRN00149,01/11/2022,"2,6 DIMETHOXY BENZOIC ACID",31000009,"2,6 DIMETHOXY BENZOIC ACID",#21-23/22,,,KGS,2410.0,335.0,807350.0,2268.377,5466789.423
178669,SSM2223JWGRN00276,20/01/2023,"2,6 DIMETHOXY BENZOIC ACID",31000009,"2,6 DIMETHOXY BENZOIC ACID",#04+05+06/22,,,KGS,0.0,0.0,0.0,0.0,0.0
178707,SSM2223JWGRN00278,21/01/2023,"2,6 DIMETHOXY BENZOIC ACID",31000009,"2,6 DIMETHOXY BENZOIC ACID",#01+03+07/22,,,KGS,0.0,0.0,0.0,0.0,0.0
231886,SSM2324JWGRN00008,10/04/2023,"2,6 DIMETHOXY BENZOIC ACID",31000009,"2,6 DIMETHOXY BENZOIC ACID",#62+01/23,0,0,KGS,1800.0,335.0,603000.0,2461.931,4431475.998
267853,SSM2324JWGRN00087,27/05/2023,"2,6 DIMETHOXY BENZOIC ACID",31000009,"2,6 DIMETHOXY BENZOIC ACID",#15+16/23,0,0,KGS,1800.0,335.0,603000.0,2362.822,4253080.391
308913,SSM2324JWGRN00166,01/07/2023,"2,6 DIMETHOXY BENZOIC ACID",31000009,"2,6 DIMETHOXY BENZOIC ACID",#26(P-II)+20 TO 25/23,0,0,KGS,900.0,335.0,301500.0,1415.005,1273504.135
309066,SSM2324JWGRN00168,06/07/2023,"2,6 DIMETHOXY BENZOIC ACID",31000009,"2,6 DIMETHOXY BENZOIC ACID",#27(P-II)+28+BLEND01/23,0,0,KGS,1350.0,335.0,452250.0,1414.765,1909933.325
309091,SSM2324JWGRN00169,06/07/2023,"2,6 DIMETHOXY BENZOIC ACID",31000009,"2,6 DIMETHOXY BENZOIC ACID",#29/23,0,0,KGS,0.0,50.0,0.0,0.0,0.0
309182,SSM2324JWGRN00171,15/07/2023,"2,6 DIMETHOXY BENZOIC ACID",31000009,"2,6 DIMETHOXY BENZOIC ACID",#31(P-II)+32+33(P-I)/23,0,0,KGS,1800.0,335.0,603000.0,1472.716,2650889.519
309258,SSM2324JWGRN00172,18/07/2023,"2,6 DIMETHOXY BENZOIC ACID",31000009,"2,6 DIMETHOXY BENZOIC ACID",#33(P-II)+34/23,0,0,KGS,0.0,50.0,0.0,0.0,0.0
264094,SSM2324JWGRN00079,20/05/2023,DIMETHYL-2-METHYL GLUTARATE,26000196,MGDM DISTILLED METHANOL,#51/23,0,0,KGS,4190.0,11.0,46090.0,19.548,81905.0
297983,SSM2324JWGRN00146,15/07/2023,DIMETHYL-2-METHYL GLUTARATE,26000196,MGDM DISTILLED METHANOL,#103/23,0,0,KGS,2005.0,11.0,22055.0,18.441,36975.0
302605,SSM2324JWGRN00151,21/07/2023,DIMETHYL-2-METHYL GLUTARATE,26000196,MGDM DISTILLED METHANOL,#113/23,0,0,KGS,4290.0,11.0,47190.0,18.365,78785.0
303089,SSM2324JWGRN00155,23/07/2023,DIMETHYL-2-METHYL GLUTARATE,26000196,MGDM DISTILLED METHANOL,#117/23,0,0,KGS,695.0,11.0,7645.0,19.755,13730.0
404235,SSM2324JWGRN00271,11/01/2024,DIMETHYL-2-METHYL GLUTARATE,26000196,MGDM DISTILLED METHANOL,#198/23,0,0,KGS,1430.0,0.0,0.0,11.084,15850.0
290426,SSM2324JWGRN00123,03/07/2023,DIMETHYL-2-METHYL GLUTARATE,26000196,MGDM DISTILLED METHANOL,#93/23,0,0,KGS,0.0,0.0,0.0,0.0,0.0
294001,SSM2324JWGRN00137,11/07/2023,DIMETHYL-2-METHYL GLUTARATE,26000196,MGDM DISTILLED METHANOL,#100/23,0,0,KGS,5005.0,11.0,55055.0,18.264,91410.0
268248,SSM2324JWGRN00090,29/05/2023,DIMETHYL-2-METHYL GLUTARATE,26000196,MGDM DISTILLED METHANOL,#59/23,0,0,KGS,6200.0,11.0,68200.0,21.77,134973.0
268254,SSM2324JWGRN00091,30/05/2023,DIMETHYL-2-METHYL GLUTARATE,26000196,MGDM DISTILLED METHANOL,#61/23,0,0,KGS,2535.0,11.0,27885.0,18.819,47705.0
419006,SSM2324JWGRN00300,16/02/2024,DIMETHYL-2-METHYL GLUTARATE,26000196,MGDM DISTILLED METHANOL,#217,0,0,KGS,131.0,0.0,0.0,23.244,3045.0
248169,SSM2324JWGRN00052,30/04/2023,DIMETHYL-2-METHYL GLUTARATE,26000196,MGDM DISTILLED METHANOL,#34/23,0,0,KGS,6030.0,11.0,66330.0,18.515,111645.0
268248,SSM2324JWGRN00090,29/05/2023,DIMETHYL-2-METHYL GLUTARATE,26000196,MGDM DISTILLED METHANOL,#59/23,0,0,KGS,0.0,9.0,0.0,0.0,0.0
274659,SSM2324JWGRN00100,09/06/2023,DIMETHYL-2-METHYL GLUTARATE,26000196,MGDM DISTILLED METHANOL,#67/23,0,0,KGS,6200.0,11.0,68200.0,18.892,117130.0
283636,SSM2324JWGRN00112,22/06/2023,DIMETHYL-2-METHYL GLUTARATE,26000196,MGDM DISTILLED METHANOL,#79/23,0,0,KGS,6210.0,11.0,68310.0,18.5,114885.0
284388,SSM2324JWGRN00115,26/06/2023,DIMETHYL-2-METHYL GLUTARATE,26000196,MGDM DISTILLED METHANOL,#84/23,0,0,KGS,2355.0,11.0,25905.0,18.367,43255.0
264088,SSM2324JWGRN00077,05/05/2023,DIMETHYL-2-METHYL GLUTARATE,26000196,MGDM DISTILLED METHANOL,#38/23,0,0,KGS,3965.0,11.0,43615.0,19.087,75680.0
264504,SSM2324JWGRN00081,23/05/2023,DIMETHYL-2-METHYL GLUTARATE,26000196,MGDM DISTILLED METHANOL,#56/23,0,0,KGS,3875.0,11.0,42625.0,19.468,75440.0
302638,SSM2324JWGRN00152,19/07/2023,DIMETHYL-2-METHYL GLUTARATE,26000197,MGDM METHANOL RESIDUE,#108/23,0,0,KGS,6620.0,0.0,0.0,5.0,33100.0
404235,SSM2324JWGRN00271,11/01/2024,DIMETHYL-2-METHYL GLUTARATE,26000197,MGDM METHANOL RESIDUE,#198/23,0,0,KGS,200.0,0.0,0.0,5.0,1000.0
302638,SSM2324JWGRN00152,19/07/2023,DIMETHYL-2-METHYL GLUTARATE,26000197,MGDM METHANOL RESIDUE,#108/23,0,0,KGS,0.0,0.0,0.0,0.0,0.0
264605,SSM2324JWGRN00083,18/05/2023,DIMETHYL-2-METHYL GLUTARATE,26000197,MGDM METHANOL RESIDUE,#50/23,0,0,KGS,5028.0,0.0,0.0,5.0,25140.0
312052,SSM2324JWGRN00181,09/08/2023,DIMETHYL-2-METHYL GLUTARATE,26000197,MGDM METHANOL RESIDUE,#129/23,0,0,KGS,328.0,0.0,0.0,5.0,1640.0
24609,SSM2223JWGRN00014,24/04/2022,DIMETHYL-2-METHYL GLUTARATE,26000197,MGDM METHANOL RESIDUE,AAAL/003/22-23,,,KGS,310.0,4.92,1525.2,4.92,1525.2
447500,SSM2425JWGRN00006,07/04/2024,"2,4 DICHLORO BENZOYL CHLORIDE",26000029,"2,4 DCBC CRUDE",#01/24,0,0,KGS,6855.0,0.0,0.0,111.95,767414.523
433049,SSM2324JWGRN00322,14/03/2024,"2,4 DICHLORO BENZOYL CHLORIDE",26000029,"2,4 DCBC CRUDE",#23/24,0,0,KGS,6915.0,0.0,0.0,160.323,1108636.964
383592,SSM2324JWGRN00247,21/12/2023,"2,4 DICHLORO BENZOYL CHLORIDE",26000029,"2,4 DCBC CRUDE",#02/23,0,0,KGS,6880.0,0.0,0.0,237.862,1636487.813
413756,SSM2324JWGRN00284,03/02/2024,"2,4 DICHLORO BENZOYL CHLORIDE",26000029,"2,4 DCBC CRUDE",#12/23,0,0,KGS,0.0,0.0,0.0,0.0,0.0
431694,SSM2324JWGRN00319,11/03/2024,"2,4 DICHLORO BENZOYL CHLORIDE",26000029,"2,4 DCBC CRUDE",#22/24,0,0,KGS,7090.0,0.0,0.0,107.828,764497.616
431694,SSM2324JWGRN00319,11/03/2024,"2,4 DICHLORO BENZOYL CHLORIDE",26000029,"2,4 DCBC CRUDE",#22/24,0,0,KGS,0.0,0.0,0.0,0.0,0.0
448855,SSM2425JWGRN00009,09/04/2024,"2,4 DICHLORO BENZOYL CHLORIDE",26000029,"2,4 DCBC CRUDE",#03/24,0,0,KGS,7015.0,0.0,0.0,106.798,749188.641
488012,SSM2425JWGRN00055,16/06/2024,"2,4 DICHLORO BENZOYL CHLORIDE",26000029,"2,4 DCBC CRUDE",#23/24,0,0,KGS,7225.0,0.0,0.0,102.741,742305.439
436372,SSM2324JWGRN00326,18/03/2024,"2,4 DICHLORO BENZOYL CHLORIDE",26000029,"2,4 DCBC CRUDE",#25/24,0,0,KGS,7206.0,0.0,0.0,110.351,795190.707
469809,SSM2425JWGRN00039,15/05/2024,"2,4 DICHLORO BENZOYL CHLORIDE",26000029,"2,4 DCBC CRUDE",#15/24,0,0,KGS,0.0,0.0,0.0,0.0,0.0
424673,SSM2324JWGRN00310,27/02/2024,"2,4 DICHLORO BENZOYL CHLORIDE",26000029,"2,4 DCBC CRUDE",#17/24,0,0,KGS,6745.0,0.0,0.0,113.637,766481.175
259027,SSM2324JWGRN00067,19/05/2023,"2,4 DICHLORO BENZOYL CHLORIDE",26000029,"2,4 DCBC CRUDE",#03/23,0,0,KGS,7020.0,35.0,245700.0,263.738,1851439.466
451989,SSM2425JWGRN00013,13/04/2024,"2,4 DICHLORO BENZOYL CHLORIDE",26000029,"2,4 DCBC CRUDE",#04/24,0,0,KGS,7035.0,0.0,0.0,106.181,746984.713
452005,SSM2425JWGRN00014,15/04/2024,"2,4 DICHLORO BENZOYL CHLORIDE",26000029,"2,4 DCBC CRUDE",#05/24,0,0,KGS,5750.0,0.0,0.0,154.754,889834.961
383602,SSM2324JWGRN00248,24/12/2023,"2,4 DICHLORO BENZOYL CHLORIDE",26000029,"2,4 DCBC CRUDE",#03/23,0,0,KGS,4530.0,0.0,0.0,230.73,1045205.379
398778,SSM2324JWGRN00267,13/01/2024,"2,4 DICHLORO BENZOYL CHLORIDE",26000029,"2,4 DCBC CRUDE",#08/23,0,0,KGS,6855.0,0.0,0.0,113.169,775773.872
412275,SSM2324JWGRN00281,27/01/2024,"2,4 DICHLORO BENZOYL CHLORIDE",26000029,"2,4 DCBC CRUDE",#09/23,0,0,KGS,0.0,0.0,0.0,0.0,0.0
413200,SSM2324JWGRN00283,02/02/2024,"2,4 DICHLORO BENZOYL CHLORIDE",26000029,"2,4 DCBC CRUDE",#11/23,0,0,KGS,6695.0,0.0,0.0,116.487,779881.476
431614,SSM2324JWGRN00318,08/03/2024,"2,4 DICHLORO BENZOYL CHLORIDE",26000029,"2,4 DCBC CRUDE",#21/24,0,0,KGS,0.0,0.0,0.0,0.0,0.0
448111,SSM2425JWGRN00008,07/04/2024,"2,4 DICHLORO BENZOYL CHLORIDE",26000029,"2,4 DCBC CRUDE",#02/24,0,0,KGS,6670.0,0.0,0.0,109.433,729915.559
485226,SSM2425JWGRN00052,07/06/2024,"2,4 DICHLORO BENZOYL CHLORIDE",26000029,"2,4 DCBC CRUDE",#22/24,0,0,KGS,0.0,0.0,0.0,0.0,0.0
446275,SSM2425JWGRN00002,03/04/2024,"2,4 DICHLORO BENZOYL CHLORIDE",26000029,"2,4 DCBC CRUDE",#30/24,0,0,KGS,6935.0,0.0,0.0,113.133,784578.281
406721,SSM2324JWGRN00276,28/01/2024,"2,4 DICHLORO BENZOYL CHLORIDE",26000029,"2,4 DCBC CRUDE",#10/23,0,0,KGS,6885.0,0.0,0.0,113.714,782921.069
464600,SSM2425JWGRN00031,08/05/2024,"2,4 DICHLORO BENZOYL CHLORIDE",26000029,"2,4 DCBC CRUDE",#09/24,0,0,KGS,0.0,0.0,0.0,0.0,0.0
466501,SSM2425JWGRN00036,10/05/2024,"2,4 DICHLORO BENZOYL CHLORIDE",26000029,"2,4 DCBC CRUDE",#13/24,0,0,KGS,6865.0,0.0,0.0,104.314,716118.264
467678,SSM2425JWGRN00037,11/05/2024,"2,4 DICHLORO BENZOYL CHLORIDE",26000029,"2,4 DCBC CRUDE",#14/24,0,0,KGS,6965.0,0.0,0.0,100.081,697066.716
398765,SSM2324JWGRN00266,13/01/2024,"2,4 DICHLORO BENZOYL CHLORIDE",26000029,"2,4 DCBC CRUDE",#07/23,0,0,KGS,6805.0,0.0,0.0,227.293,1546728.62
412275,SSM2324JWGRN00281,27/01/2024,"2,4 DICHLORO BENZOYL CHLORIDE",26000029,"2,4 DCBC CRUDE",#09/23,0,0,KGS,0.0,0.0,0.0,0.0,0.0
431614,SSM2324JWGRN00318,08/03/2024,"2,4 DICHLORO BENZOYL CHLORIDE",26000029,"2,4 DCBC CRUDE",#21/24,0,0,KGS,7015.0,0.0,0.0,111.495,782137.392
389369,SSM2324JWGRN00254,31/12/2023,"2,4 DICHLORO BENZOYL CHLORIDE",26000029,"2,4 DCBC CRUDE",#04/23,0,0,KGS,7027.0,0.0,0.0,117.651,826735.781
442297,SSM2324JWGRN00335,29/03/2024,"2,4 DICHLORO BENZOYL CHLORIDE",26000029,"2,4 DCBC CRUDE",#29/24,0,0,KGS,6785.0,0.0,0.0,116.026,787235.513
457386,SSM2425JWGRN00021,20/04/2024,"2,4 DICHLORO BENZOYL CHLORIDE",26000029,"2,4 DCBC CRUDE",#06/24,0,0,KGS,7480.0,0.0,0.0,97.318,727940.459
459759,SSM2425JWGRN00029,28/04/2024,"2,4 DICHLORO BENZOYL CHLORIDE",26000029,"2,4 DCBC CRUDE",#07/24,0,0,KGS,7230.0,0.0,0.0,105.71,764280.191
472914,SSM2425JWGRN00040,18/05/2024,"2,4 DICHLORO BENZOYL CHLORIDE",26000029,"2,4 DCBC CRUDE",#16/24,0,0,KGS,7105.0,0.0,0.0,109.116,775267.978
438186,SSM2324JWGRN00328,22/03/2024,"2,4 DICHLORO BENZOYL CHLORIDE",26000029,"2,4 DCBC CRUDE",#27/24,0,0,KGS,7286.0,0.0,0.0,108.361,789517.891
420984,SSM2324JWGRN00304,22/02/2024,"2,4 DICHLORO BENZOYL CHLORIDE",26000029,"2,4 DCBC CRUDE",#15/24,0,0,KGS,6885.0,0.0,0.0,109.691,755223.747
421479,SSM2324JWGRN00307,22/02/2024,"2,4 DICHLORO BENZOYL CHLORIDE",26000029,"2,4 DCBC CRUDE",#16/24,0,0,KGS,6815.0,0.0,0.0,112.86,769141.593
255833,SSM2324JWGRN00058,13/05/2023,"2,4 DICHLORO BENZOYL CHLORIDE",26000029,"2,4 DCBC CRUDE",#02/23,0,0,KGS,6920.0,35.0,242200.0,258.136,1786300.298
417633,SSM2324JWGRN00296,11/02/2024,"2,4 DICHLORO BENZOYL CHLORIDE",26000029,"2,4 DCBC CRUDE",#14/23,0,0,KGS,0.0,0.0,0.0,0.0,0.0
375537,SSM2324JWGRN00236,09/12/2023,"2,4 DICHLORO BENZOYL CHLORIDE",26000029,"2,4 DCBC CRUDE",#01/23,0,0,KGS,6880.0,0.0,0.0,234.199,1611287.813
251915,SSM2324JWGRN00057,08/05/2023,"2,4 DICHLORO BENZOYL CHLORIDE",26000029,"2,4 DCBC CRUDE",#01/23,0,0,KGS,7030.0,35.0,246050.0,254.644,1790150.298
394222,SSM2324JWGRN00261,07/01/2024,"2,4 DICHLORO BENZOYL CHLORIDE",26000029,"2,4 DCBC CRUDE",#06/23,0,0,KGS,6975.0,0.0,0.0,115.744,807315.836
217086,SSM2223JWGRN00372,11/03/2023,"2,6 DICHLORO BENZOYL CHLORIDE",26000046,"2,6 DCBC CRUDE",#16/22,0,0,KGS,7860.0,65.0,510900.0,883.02,6940536.78
219214,SSM2223JWGRN00376,17/03/2023,"2,6 DICHLORO BENZOYL CHLORIDE",26000046,"2,6 DCBC CRUDE",#55/22,0,0,KGS,0.0,65.0,0.0,0.0,0.0
217091,SSM2223JWGRN00373,15/03/2023,"2,6 DICHLORO BENZOYL CHLORIDE",26000046,"2,6 DCBC CRUDE",#17/22,0,0,KGS,7860.0,65.0,510900.0,898.677,7063605.0
219224,SSM2223JWGRN00378,23/03/2023,"2,6 DICHLORO BENZOYL CHLORIDE",26000046,"2,6 DCBC CRUDE",#57/22,0,0,KGS,0.0,65.0,0.0,0.0,0.0
302204,SSM2324JWGRN00149,26/07/2023,"2,6 DICHLORO BENZOYL CHLORIDE",26000046,"2,6 DCBC CRUDE",#10/23,0,0,KGS,7820.0,65.0,508300.0,753.238,5890321.125
280074,SSM2324JWGRN00106,17/06/2023,"2,6 DICHLORO BENZOYL CHLORIDE",26000046,"2,6 DCBC CRUDE",#03/23,0,0,KGS,7770.0,65.0,505050.0,856.868,6657866.0
157460,SSM2223JWGRN00199,10/12/2022,DIMETHYL-2-METHYL GLUTARATE,26000197,MGDM METHANOL RESIDUE,#AAL/CHALLAN/077,,,KGS,509.0,0.0,0.0,5.0,2545.0
147127,SSM2223JWGRN00153,13/11/2022,DIMETHYL-2-METHYL GLUTARATE,26000197,MGDM METHANOL RESIDUE,AAL/CHALLAN/055,,,KGS,303.0,0.0,0.0,2.525,765.0
147143,SSM2223JWGRN00155,15/11/2022,DIMETHYL-2-METHYL GLUTARATE,26000197,MGDM METHANOL RESIDUE,AAL/CHALLAN/056,,,KGS,276.0,0.0,0.0,5.0,1380.0
138208,SSM2223JWGRN00128,31/10/2022,DIMETHYL-2-METHYL GLUTARATE,26000197,MGDM METHANOL RESIDUE,#AAL/CHALLAN/040,,,KGS,1580.0,0.0,0.0,5.0,7900.0
138226,SSM2223JWGRN00129,31/10/2022,DIMETHYL-2-METHYL GLUTARATE,26000197,MGDM METHANOL RESIDUE,#AAL/CHALLAN/042,,,KGS,623.0,0.0,0.0,5.0,3115.0
306709,SSM2324JWGRN00159,31/07/2023,DIMETHYL-2-METHYL GLUTARATE,26000197,MGDM METHANOL RESIDUE,#125/23,0,0,KGS,4258.0,0.0,0.0,5.0,21290.0
136205,SSM2223JWGRN00126,29/10/2022,DIMETHYL-2-METHYL GLUTARATE,26000197,MGDM METHANOL RESIDUE,AAL/CHALLAN/045,,,KGS,298.0,5.19,1546.62,5.185,1545.0
147121,SSM2223JWGRN00152,11/11/2022,DIMETHYL-2-METHYL GLUTARATE,26000197,MGDM METHANOL RESIDUE,AAL/CHALLAN/052,,,KGS,736.0,0.0,0.0,5.0,3680.0
147137,SSM2223JWGRN00154,19/11/2022,DIMETHYL-2-METHYL GLUTARATE,26000197,MGDM METHANOL RESIDUE,AAL/CHALLAN/059,,,KGS,550.0,0.0,0.0,5.0,2750.0
161308,SSM2223JWGRN00210,13/12/2022,DIMETHYL-2-METHYL GLUTARATE,26000197,MGDM METHANOL RESIDUE,#AAL/CHALLAN/079,,,KGS,582.0,0.0,0.0,4.897,2850.0
152320,SSM2223JWGRN00167,21/11/2022,DIMETHYL-2-METHYL GLUTARATE,26000197,MGDM METHANOL RESIDUE,#AAL/CHALLAN/063,,,KGS,210.0,0.0,0.0,5.0,1050.0
183136,SSM2223JWGRN00289,24/01/2023,DIMETHYL-2-METHYL GLUTARATE,26000197,MGDM METHANOL RESIDUE,#AAL/CHALLAN/095,,,KGS,628.0,0.0,0.0,5.0,3140.0
210027,SSM2223JWGRN00354,23/02/2023,DIMETHYL-2-METHYL GLUTARATE,26000197,MGDM METHANOL RESIDUE,#250/22,,,KGS,5724.0,0.0,0.0,5.0,28620.0
314293,SSM2324JWGRN00183,12/08/2023,DIMETHYL-2-METHYL GLUTARATE,26000197,MGDM METHANOL RESIDUE,#AAL/CHALLAN/036,0,0,KGS,174.0,0.0,0.0,5.0,870.0
138232,SSM2223JWGRN00130,31/10/2022,DIMETHYL-2-METHYL GLUTARATE,26000197,MGDM METHANOL RESIDUE,#AAL/CHALLAN/044,,,KGS,363.0,0.0,0.0,5.0,1815.0
210027,SSM2223JWGRN00354,23/02/2023,DIMETHYL-2-METHYL GLUTARATE,26000197,MGDM METHANOL RESIDUE,#250/22,,,KGS,0.0,0.0,0.0,0.0,0.0
173280,SSM2223JWGRN00265,12/01/2023,DIMETHYL-2-METHYL GLUTARATE,26000197,MGDM METHANOL RESIDUE,#AAL/CHALLAN/091,,,KGS,307.0,0.0,0.0,5.0,1535.0
26253,SSM2223JWGRN00024,02/05/2022,DIMETHYL-2-METHYL GLUTARATE,26000197,MGDM METHANOL RESIDUE,AAL/CHALLAN/005,,,KGS,873.0,0.01,8.73,0.01,8.73
152308,SSM2223JWGRN00166,21/11/2022,DIMETHYL-2-METHYL GLUTARATE,26000197,MGDM METHANOL RESIDUE,#AAL/CHALLAN/061,,,KGS,203.0,0.0,0.0,5.0,1015.0
147115,SSM2223JWGRN00151,20/11/2022,DIMETHYL-2-METHYL GLUTARATE,26000197,MGDM METHANOL RESIDUE,AAL/CHALLAN/049,,,KGS,298.0,0.0,0.0,5.0,1490.0
157352,SSM2223JWGRN00197,08/12/2022,DIMETHYL-2-METHYL GLUTARATE,26000197,MGDM METHANOL RESIDUE,#AAL/CHALLAN/075,,,KGS,1649.0,0.0,0.0,5.0,8245.0
162202,SSM2223JWGRN00213,18/12/2022,DIMETHYL-2-METHYL GLUTARATE,26000197,MGDM METHANOL RESIDUE,#AAL/CHALLAN/083,,,KGS,385.0,0.0,0.0,5.0,1925.0
277527,SSM2324JWGRN00103,15/06/2023,4-FLUORO-3-TRIFLUOROMETHYL PHENOL,26000083,4-FTMP CRUDE,#50+51/23,0,0,KGS,1255.0,180.81,226916.55,1610.294,2020919.052
238874,SSM2324JWGRN00025,21/04/2023,4-FLUORO-3-TRIFLUOROMETHYL PHENOL,26000083,4-FTMP CRUDE,#14+15/23,0,0,KGS,1065.0,180.81,192562.65,1881.947,2004273.119
259128,SSM2324JWGRN00069,19/05/2023,4-FLUORO-3-TRIFLUOROMETHYL PHENOL,26000083,4-FTMP CRUDE,#36+37/23,0,0,KGS,1035.0,180.81,187138.35,1853.732,1918612.771
186146,SSM2223JWGRN00296,31/01/2023,4-FLUORO-3-TRIFLUOROMETHYL PHENOL,26000083,4-FTMP CRUDE,#77+78/22,,,KGS,1400.0,180.81,253134.0,2613.247,3658545.532
232670,SSM2324JWGRN00009,03/04/2023,4-FLUORO-3-TRIFLUOROMETHYL PHENOL,26000083,4-FTMP CRUDE,#121+122/23,0,0,KGS,1296.0,180.81,234329.76,1510.582,1957714.398
232805,SSM2324JWGRN00012,10/04/2023,4-FLUORO-3-TRIFLUOROMETHYL PHENOL,26000083,4-FTMP CRUDE,#04+05+06+07/24,0,0,KGS,2190.0,180.81,395973.9,1759.218,3852688.399
288142,SSM2324JWGRN00119,01/07/2023,4-FLUORO-3-TRIFLUOROMETHYL PHENOL,26000083,4-FTMP CRUDE,#60/24,0,0,KGS,895.0,180.81,161824.95,1163.815,1041614.351
207810,SSM2223JWGRN00351,01/03/2023,4-FLUORO-3-TRIFLUOROMETHYL PHENOL,26000083,4-FTMP CRUDE,#95+96/22,,,KGS,895.0,180.81,161824.95,4031.729,3608397.702
166921,SSM2223JWGRN00230,27/12/2022,4-FLUORO-3-TRIFLUOROMETHYL PHENOL,26000083,4-FTMP CRUDE,#54+55/22,,,KGS,1408.0,180.81,254580.48,2700.719,3802612.936
167391,SSM2223JWGRN00235,29/12/2022,4-FLUORO-3-TRIFLUOROMETHYL PHENOL,26000083,4-FTMP CRUDE,#58+59/22,,,KGS,1145.0,180.81,207027.45,3279.528,3755059.906
188908,SSM2223JWGRN00303,03/02/2023,4-FLUORO-3-TRIFLUOROMETHYL PHENOL,26000083,4-FTMP CRUDE,#79+80/22,,,KGS,1025.0,180.81,185330.25,3502.49,3590051.959
189067,SSM2223JWGRN00305,05/02/2023,4-FLUORO-3-TRIFLUOROMETHYL PHENOL,26000083,4-FTMP CRUDE,#81+82/22,,,KGS,875.0,180.81,158208.75,4093.518,3581827.835
232744,SSM2324JWGRN00011,07/04/2023,4-FLUORO-3-TRIFLUOROMETHYL PHENOL,26000083,4-FTMP CRUDE,#02+03/24,0,0,KGS,1075.0,180.81,194370.75,1783.959,1917755.388
183122,SSM2223JWGRN00287,27/01/2023,4-FLUORO-3-TRIFLUOROMETHYL PHENOL,26000083,4-FTMP CRUDE,#73+74/22,,,KGS,1155.0,180.81,208835.55,3131.946,3617397.082
25799,SSM2223JWGRN00018,04/05/2022,4-FLUORO-3-TRIFLUOROMETHYL PHENOL,26000083,4-FTMP CRUDE,#19+20/22,,,KGS,1217.0,161.0,195937.0,2815.223,3426126.333
26117,SSM2223JWGRN00020,09/05/2022,4-FLUORO-3-TRIFLUOROMETHYL PHENOL,26000083,4-FTMP CRUDE,#23+24/22,,,KGS,1097.0,161.0,176617.0,3113.36,3415356.333
425639,SSM2324JWGRN00312,28/02/2024,4-FLUORO-3-TRIFLUOROMETHYL PHENOL,26000083,4-FTMP CRUDE,#92 TO 101/24,0,0,KGS,0.0,0.0,0.0,0.0,0.0
217098,SSM2223JWGRN00374,18/03/2023,4-FLUORO-3-TRIFLUOROMETHYL PHENOL,26000083,4-FTMP CRUDE,#109+110/22,0,0,KGS,875.0,180.81,158208.75,4118.146,3603377.981
291457,SSM2324JWGRN00131,20/06/2023,4-FLUORO-3-TRIFLUOROMETHYL PHENOL,26000083,4-FTMP CRUDE,#21+22/23,0,0,KGS,0.0,0.0,0.0,0.0,0.0
321782,SSM2324JWGRN00189,03/09/2023,4-FLUORO-3-TRIFLUOROMETHYL PHENOL,26000083,4-FTMP CRUDE,#61+62+63+64+65/24,0,0,KGS,2500.0,180.81,452025.0,1985.532,4963830.876
419081,SSM2324JWGRN00301,17/02/2024,4-FLUORO-3-TRIFLUOROMETHYL PHENOL,26000083,4-FTMP CRUDE,#80 TO 91/24,0,0,KGS,0.0,0.0,0.0,0.0,0.0
177410,SSM2223JWGRN00274,18/01/2023,4-FLUORO-3-TRIFLUOROMETHYL PHENOL,26000083,4-FTMP CRUDE,#67+68/22,,,KGS,1256.0,180.81,227097.36,2879.109,3616161.054
28325,SSM2223JWGRN00025,19/05/2022,4-FLUORO-3-TRIFLUOROMETHYL PHENOL,26000083,4-FTMP CRUDE,#31+32/22,,,KGS,1359.0,161.0,218799.0,4931.109,6701376.573
282697,SSM2324JWGRN00111,23/06/2023,"2,6 DICHLORO BENZOYL CHLORIDE",26000046,"2,6 DCBC CRUDE",#004/23,0,0,KGS,7780.0,65.0,505700.0,859.883,6689886.0
217076,SSM2223JWGRN00371,08/03/2023,"2,6 DICHLORO BENZOYL CHLORIDE",26000046,"2,6 DCBC CRUDE",#15/22,0,0,KGS,7870.0,65.0,511550.0,880.128,6926610.0
219216,SSM2223JWGRN00377,23/03/2023,"2,6 DICHLORO BENZOYL CHLORIDE",26000046,"2,6 DCBC CRUDE",#56/22,0,0,KGS,0.0,65.0,0.0,0.0,0.0
162301,SSM2223JWGRN00216,20/12/2022,"2,6 DICHLORO BENZOYL CHLORIDE",26000046,"2,6 DCBC CRUDE",#006/22,,,KGS,7850.0,65.0,510250.0,1847.154,14500159.995
297889,SSM2324JWGRN00142,15/07/2023,"2,6 DICHLORO BENZOYL CHLORIDE",26000046,"2,6 DCBC CRUDE",#09/23,0,0,KGS,7760.0,65.0,504400.0,857.816,6656653.0
288173,SSM2324JWGRN00120,01/07/2023,"2,6 DICHLORO BENZOYL CHLORIDE",26000046,"2,6 DCBC CRUDE",#006/23,0,0,KGS,7750.0,65.0,503750.0,863.983,6695866.0
305699,SSM2324JWGRN00157,30/07/2023,"2,6 DICHLORO BENZOYL CHLORIDE",26000046,"2,6 DCBC CRUDE",#11/23,0,0,KGS,0.0,65.0,0.0,0.0,0.0
442178,SSM2324JWGRN00334,26/03/2024,"2,6 DICHLORO BENZOYL CHLORIDE",26000046,"2,6 DCBC CRUDE",#06/24,0,0,KGS,7295.0,0.0,0.0,1188.13,8667408.313
442178,SSM2324JWGRN00334,26/03/2024,"2,6 DICHLORO BENZOYL CHLORIDE",26000046,"2,6 DCBC CRUDE",#06/24,0,0,KGS,0.0,0.0,0.0,0.0,0.0
173318,SSM2223JWGRN00266,11/01/2023,"2,6 DICHLORO BENZOYL CHLORIDE",26000046,"2,6 DCBC CRUDE",#10/22,,,KGS,5170.0,65.0,336050.0,1958.559,10125750.332
206207,SSM2223JWGRN00344,28/02/2023,"2,6 DICHLORO BENZOYL CHLORIDE",26000046,"2,6 DCBC CRUDE",#14/22,,,KGS,7890.0,65.0,512850.0,1690.997,13341970.0
152530,SSM2223JWGRN00170,30/11/2022,"2,6 DICHLORO BENZOYL CHLORIDE",26000046,"2,6 DCBC CRUDE",#001/22,,,KGS,4830.0,65.0,313950.0,1940.072,9370550.0
170033,SSM2223JWGRN00251,31/12/2022,"2,6 DICHLORO BENZOYL CHLORIDE",26000046,"2,6 DCBC CRUDE",#050(P-I)/22,,,KGS,0.0,0.0,0.0,0.0,0.0
156480,SSM2223JWGRN00191,06/12/2022,"2,6 DICHLORO BENZOYL CHLORIDE",26000046,"2,6 DCBC CRUDE",#03/22,,,KGS,4850.0,65.0,315250.0,1933.144,9375750.0
159370,SSM2223JWGRN00202,14/12/2022,"2,6 DICHLORO BENZOYL CHLORIDE",26000046,"2,6 DCBC CRUDE",#05/22,,,KGS,7830.0,65.0,508950.0,1925.819,15079163.503
171389,SSM2223JWGRN00256,05/01/2023,"2,6 DICHLORO BENZOYL CHLORIDE",26000046,"2,6 DCBC CRUDE",#009/22,,,KGS,7810.0,65.0,507650.0,1994.413,15576364.999
224629,SSM2223JWGRN00401,31/03/2023,"2,6 DICHLORO BENZOYL CHLORIDE",26000046,"2,6 DCBC CRUDE",#60/22,0,0,KGS,0.0,65.0,0.0,0.0,0.0
201737,SSM2223JWGRN00335,19/02/2023,"2,6 DICHLORO BENZOYL CHLORIDE",26000046,"2,6 DCBC CRUDE",#12/22,,,KGS,7450.0,65.0,484250.0,2066.947,15398755.598
201752,SSM2223JWGRN00336,24/02/2023,"2,6 DICHLORO BENZOYL CHLORIDE",26000046,"2,6 DCBC CRUDE",#13/22,,,KGS,7820.0,65.0,508300.0,1759.704,13760885.36
170035,SSM2223JWGRN00252,31/12/2022,"2,6 DICHLORO BENZOYL CHLORIDE",26000046,"2,6 DCBC CRUDE",#50(P-II)+51+52,,,KGS,0.0,65.0,0.0,0.0,0.0
156373,SSM2223JWGRN00190,01/12/2022,"2,6 DICHLORO BENZOYL CHLORIDE",26000046,"2,6 DCBC CRUDE",#02/22,,,KGS,4840.0,65.0,314600.0,1936.198,9371200.0
167383,SSM2223JWGRN00234,29/12/2022,"2,6 DICHLORO BENZOYL CHLORIDE",26000046,"2,6 DCBC CRUDE",#008/22,,,KGS,7990.0,65.0,519350.0,1914.055,15293299.966
167484,SSM2223JWGRN00236,25/12/2022,"2,6 DICHLORO BENZOYL CHLORIDE",26000046,"2,6 DCBC CRUDE",#007/22,,,KGS,5980.0,65.0,388700.0,2001.891,11971309.975
431782,SSM2324JWGRN00321,12/03/2024,"2,6 DICHLORO BENZOYL CHLORIDE",26000046,"2,6 DCBC CRUDE",#02/24,0,0,KGS,7245.0,0.0,0.0,632.083,4579439.073
156272,SSM2223JWGRN00188,02/12/2022,DIMETHYL-2-METHYL GLUTARATE,26000197,MGDM METHANOL RESIDUE,#AAL/CHALLAN/069,,,KGS,684.0,0.0,0.0,5.0,3420.0
152328,SSM2223JWGRN00169,27/11/2022,DIMETHYL-2-METHYL GLUTARATE,26000197,MGDM METHANOL RESIDUE,#AAL/CHALLAN/067,,,KGS,714.0,0.0,0.0,5.0,3570.0
136015,SSM2223JWGRN00124,13/11/2022,"4-HYDROXY-3-(2,4,6-TRIMETHYLPHENYL)-1-OXASPIRO[4.4]NON-3-EN-2-ONE",28000028,SPIR SFG,#001/22,,,KGS,296.0,25.0,7400.0,4704.926,1392658.203
256826,SSM2324JWGRN00062,17/05/2023,"4-HYDROXY-3-(2,4,6-TRIMETHYLPHENYL)-1-OXASPIRO[4.4]NON-3-EN-2-ONE",31000040,"4-HYDROXY-3-(2,4,6-TRIMETHYLPHENYL)-1-OXASPIRO[4.4]NON-3-EN-2-ONE",24-SPIR0000005,0,0,KGS,1015.0,228.0,231420.0,1770.484,1797041.093
259075,SSM2324JWGRN00068,20/05/2023,"4-HYDROXY-3-(2,4,6-TRIMETHYLPHENYL)-1-OXASPIRO[4.4]NON-3-EN-2-ONE",31000040,"4-HYDROXY-3-(2,4,6-TRIMETHYLPHENYL)-1-OXASPIRO[4.4]NON-3-EN-2-ONE",24-SPIR0000006,0,0,KGS,1015.0,228.0,231420.0,1881.637,1909861.73
162420,SSM2223JWGRN00218,21/12/2022,"4-HYDROXY-3-(2,4,6-TRIMETHYLPHENYL)-1-OXASPIRO[4.4]NON-3-EN-2-ONE",31000040,"4-HYDROXY-3-(2,4,6-TRIMETHYLPHENYL)-1-OXASPIRO[4.4]NON-3-EN-2-ONE",23-SPIR0000003,,,KGS,1015.0,100.0,101500.0,4890.009,4963358.949
188060,SSM2223JWGRN00301,02/02/2023,"4-HYDROXY-3-(2,4,6-TRIMETHYLPHENYL)-1-OXASPIRO[4.4]NON-3-EN-2-ONE",31000040,"4-HYDROXY-3-(2,4,6-TRIMETHYLPHENYL)-1-OXASPIRO[4.4]NON-3-EN-2-ONE",#0024,,,KGS,0.0,100.0,0.0,0.0,0.0
264466,SSM2324JWGRN00080,28/05/2023,"4-HYDROXY-3-(2,4,6-TRIMETHYLPHENYL)-1-OXASPIRO[4.4]NON-3-EN-2-ONE",31000040,"4-HYDROXY-3-(2,4,6-TRIMETHYLPHENYL)-1-OXASPIRO[4.4]NON-3-EN-2-ONE",24-SPIR0000008+09,0,0,KGS,1015.0,228.0,231420.0,1388.362,1409186.997
291072,SSM2324JWGRN00124,29/06/2023,"4-HYDROXY-3-(2,4,6-TRIMETHYLPHENYL)-1-OXASPIRO[4.4]NON-3-EN-2-ONE",31000040,"4-HYDROXY-3-(2,4,6-TRIMETHYLPHENYL)-1-OXASPIRO[4.4]NON-3-EN-2-ONE",#17+18+19/23,0,0,KGS,2100.0,228.0,478800.0,1796.337,3772306.908
222402,SSM2223JWGRN00388,07/03/2023,"4-HYDROXY-3-(2,4,6-TRIMETHYLPHENYL)-1-OXASPIRO[4.4]NON-3-EN-2-ONE",31000040,"4-HYDROXY-3-(2,4,6-TRIMETHYLPHENYL)-1-OXASPIRO[4.4]NON-3-EN-2-ONE",#0030,0,0,KGS,1410.0,100.0,141000.0,2123.038,2993483.221
180553,SSM2223JWGRN00281,23/01/2023,"4-HYDROXY-3-(2,4,6-TRIMETHYLPHENYL)-1-OXASPIRO[4.4]NON-3-EN-2-ONE",31000040,"4-HYDROXY-3-(2,4,6-TRIMETHYLPHENYL)-1-OXASPIRO[4.4]NON-3-EN-2-ONE",#0020,,,KGS,0.0,100.0,0.0,0.0,0.0
182995,SSM2223JWGRN00286,28/01/2023,"4-HYDROXY-3-(2,4,6-TRIMETHYLPHENYL)-1-OXASPIRO[4.4]NON-3-EN-2-ONE",31000040,"4-HYDROXY-3-(2,4,6-TRIMETHYLPHENYL)-1-OXASPIRO[4.4]NON-3-EN-2-ONE",#23-SPIR0000007,,,KGS,1000.0,100.0,100000.0,1614.576,1614575.921
167664,SSM2223JWGRN00240,02/01/2023,"4-HYDROXY-3-(2,4,6-TRIMETHYLPHENYL)-1-OXASPIRO[4.4]NON-3-EN-2-ONE",31000040,"4-HYDROXY-3-(2,4,6-TRIMETHYLPHENYL)-1-OXASPIRO[4.4]NON-3-EN-2-ONE",#0016,,,KGS,0.0,100.0,0.0,0.0,0.0
185871,SSM2223JWGRN00294,28/01/2023,"4-HYDROXY-3-(2,4,6-TRIMETHYLPHENYL)-1-OXASPIRO[4.4]NON-3-EN-2-ONE",31000040,"4-HYDROXY-3-(2,4,6-TRIMETHYLPHENYL)-1-OXASPIRO[4.4]NON-3-EN-2-ONE",#0022,,,KGS,0.0,100.0,0.0,0.0,0.0
171721,SSM2223JWGRN00261,10/01/2023,"4-HYDROXY-3-(2,4,6-TRIMETHYLPHENYL)-1-OXASPIRO[4.4]NON-3-EN-2-ONE",31000040,"4-HYDROXY-3-(2,4,6-TRIMETHYLPHENYL)-1-OXASPIRO[4.4]NON-3-EN-2-ONE",#23-SPIR0000006,,,KGS,800.0,100.0,80000.0,1317.245,1053795.788
29225,SSM2223JWGRN00027,21/05/2022,4-FLUORO-3-TRIFLUOROMETHYL PHENOL,26000083,4-FTMP CRUDE,#35+36/22,,,KGS,1127.0,161.0,181447.0,3032.792,3417956.066
6733,SSM2223JWGRN00001,13/04/2022,4-FLUORO-3-TRIFLUOROMETHYL PHENOL,26000083,4-FTMP CRUDE,03-Apr-2022,,,KGS,1400.0,161.0,225400.0,2560.111,3584156.0
13567,SSM2223JWGRN00006,22/04/2022,4-FLUORO-3-TRIFLUOROMETHYL PHENOL,26000083,4-FTMP CRUDE,#005/22,,,KGS,736.0,161.0,118496.0,2442.764,1797874.0
39489,SSM2223JWGRN00037,03/06/2022,4-FLUORO-3-TRIFLUOROMETHYL PHENOL,26000083,4-FTMP CRUDE,#43+44/22,,,KGS,1319.0,161.0,212359.0,2628.684,3467233.926
256050,SSM2324JWGRN00060,11/05/2023,4-FLUORO-3-TRIFLUOROMETHYL PHENOL,26000083,4-FTMP CRUDE,#28+29+30+31/23,0,0,KGS,1840.0,180.81,332690.4,2067.997,3805114.797
260460,SSM2324JWGRN00072,21/05/2023,4-FLUORO-3-TRIFLUOROMETHYL PHENOL,26000083,4-FTMP CRUDE,#38+39/23,0,0,KGS,1095.0,180.81,197986.95,1766.066,1933842.482
240145,SSM2324JWGRN00032,23/04/2023,4-FLUORO-3-TRIFLUOROMETHYL PHENOL,26000083,4-FTMP CRUDE,#16+17/23,0,0,KGS,1195.0,180.81,216067.95,1703.959,2036230.423
207834,SSM2223JWGRN00352,03/03/2023,4-FLUORO-3-TRIFLUOROMETHYL PHENOL,26000083,4-FTMP CRUDE,#97+98/22,,,KGS,985.0,180.81,178097.85,3677.416,3622255.047
207843,SSM2223JWGRN00353,06/03/2023,4-FLUORO-3-TRIFLUOROMETHYL PHENOL,26000083,4-FTMP CRUDE,#99+100/22,,,KGS,695.0,180.81,125662.95,5149.382,3578820.147
15859,SSM2223JWGRN00007,26/04/2022,4-FLUORO-3-TRIFLUOROMETHYL PHENOL,26000083,4-FTMP CRUDE,#006+007/22,,,KGS,1480.0,161.0,238280.0,2420.301,3582045.333
15881,SSM2223JWGRN00009,26/04/2022,4-FLUORO-3-TRIFLUOROMETHYL PHENOL,26000083,4-FTMP CRUDE,#009+010/22,,,KGS,120.0,161.0,19320.0,23499.661,2819959.333
166677,SSM2223JWGRN00228,27/12/2022,4-FLUORO-3-TRIFLUOROMETHYL PHENOL,26000083,4-FTMP CRUDE,#056+057/22,,,KGS,885.0,180.81,160016.85,4189.886,3708049.306
186072,SSM2223JWGRN00295,29/01/2023,4-FLUORO-3-TRIFLUOROMETHYL PHENOL,26000083,4-FTMP CRUDE,#75+76/22,,,KGS,1035.0,180.81,187138.35,3474.106,3595699.882
55614,SSM2223JWGRN00046,14/06/2022,4-FLUORO-3-TRIFLUOROMETHYL PHENOL,26000083,4-FTMP CRUDE,#49+50+51+52/22,,,KGS,2588.0,161.0,416668.0,2160.512,5591404.42
6816,SSM2223JWGRN00004,14/04/2022,4-FLUORO-3-TRIFLUOROMETHYL PHENOL,26000083,4-FTMP CRUDE,09-Apr-2022,,,KGS,604.0,161.0,97244.0,2960.308,1788026.0
175562,SSM2223JWGRN00271,16/01/2023,4-FLUORO-3-TRIFLUOROMETHYL PHENOL,26000083,4-FTMP CRUDE,#65+66/22,,,KGS,1440.0,180.81,260366.4,2538.371,3655253.635
201782,SSM2223JWGRN00337,25/02/2023,4-FLUORO-3-TRIFLUOROMETHYL PHENOL,26000083,4-FTMP CRUDE,#91+92/22,,,KGS,1145.0,180.81,207027.45,3174.413,3634702.425
24589,SSM2223JWGRN00013,29/04/2022,4-FLUORO-3-TRIFLUOROMETHYL PHENOL,26000083,4-FTMP CRUDE,#13+14/22,,,KGS,1693.0,161.0,272573.0,2073.836,3511004.373
26152,SSM2223JWGRN00023,13/05/2022,4-FLUORO-3-TRIFLUOROMETHYL PHENOL,26000083,4-FTMP CRUDE,#29+30/22,,,KGS,1127.0,161.0,181447.0,3047.726,3434786.972
199776,SSM2223JWGRN00333,22/02/2023,4-FLUORO-3-TRIFLUOROMETHYL PHENOL,26000083,4-FTMP CRUDE,#89+90/22,,,KGS,935.0,180.81,169057.35,3846.773,3596732.325
291369,SSM2324JWGRN00129,03/06/2023,4-FLUORO-3-TRIFLUOROMETHYL PHENOL,26000083,4-FTMP CRUDE,#19/23,0,0,KGS,0.0,0.0,0.0,0.0,0.0
291398,SSM2324JWGRN00130,10/06/2023,4-FLUORO-3-TRIFLUOROMETHYL PHENOL,26000083,4-FTMP CRUDE,#20/23,0,0,KGS,0.0,0.0,0.0,0.0,0.0
291496,SSM2324JWGRN00132,27/06/2023,4-FLUORO-3-TRIFLUOROMETHYL PHENOL,26000083,4-FTMP CRUDE,#23+24/23,0,0,KGS,0.0,0.0,0.0,0.0,0.0
281954,SSM2324JWGRN00108,17/06/2023,4-FLUORO-3-TRIFLUOROMETHYL PHENOL,26000083,4-FTMP CRUDE,#52+53/24,0,0,KGS,1105.0,180.81,199795.05,1846.112,2039954.09
287938,SSM2324JWGRN00118,30/06/2023,4-FLUORO-3-TRIFLUOROMETHYL PHENOL,26000083,4-FTMP CRUDE,#58+59/24,0,0,KGS,946.0,180.81,171046.26,2038.451,1928375.061
263043,SSM2324JWGRN00075,25/05/2023,4-FLUORO-3-TRIFLUOROMETHYL PHENOL,26000083,4-FTMP CRUDE,#40+41/23,0,0,KGS,1075.0,180.81,194370.75,1796.53,1931270.282
232820,SSM2324JWGRN00013,12/04/2023,4-FLUORO-3-TRIFLUOROMETHYL PHENOL,26000083,4-FTMP CRUDE,#08+09/23,0,0,KGS,1075.0,180.81,194370.75,1787.787,1921870.722
257113,SSM2324JWGRN00063,17/05/2023,4-FLUORO-3-TRIFLUOROMETHYL PHENOL,26000083,4-FTMP CRUDE,#32+33+34+35/23,0,0,KGS,1910.0,180.81,345347.1,1997.655,3815521.497
207797,SSM2223JWGRN00350,28/02/2023,4-FLUORO-3-TRIFLUOROMETHYL PHENOL,26000083,4-FTMP CRUDE,#93+94/22,,,KGS,925.0,180.81,167249.25,3911.87,3618479.78
236175,SSM2324JWGRN00021,17/04/2023,4-FLUORO-3-TRIFLUOROMETHYL PHENOL,26000083,4-FTMP CRUDE,#10+11+12+13/23,0,0,KGS,2110.0,180.81,381509.1,1896.736,4002112.704
356269,SSM2324JWGRN00218,23/10/2023,4-FLUORO-3-TRIFLUOROMETHYL PHENOL,26000083,4-FTMP CRUDE,#73+74+75+76+77+78+79/24,0,0,KGS,4633.0,0.0,0.0,1296.968,6008852.174
181055,SSM2223JWGRN00284,24/01/2023,4-FLUORO-3-TRIFLUOROMETHYL PHENOL,26000083,4-FTMP CRUDE,#71+72/22,,,KGS,1075.0,180.81,194370.75,3331.518,3581382.282
223189,SSM2223JWGRN00397,21/03/2023,4-FLUORO-3-TRIFLUOROMETHYL PHENOL,26000083,4-FTMP CRUDE,#111+112/22,0,0,KGS,1286.0,180.81,232521.66,2866.867,3686790.937
223206,SSM2223JWGRN00398,25/03/2023,4-FLUORO-3-TRIFLUOROMETHYL PHENOL,26000083,4-FTMP CRUDE,#113+114/22,0,0,KGS,1185.0,180.81,214259.85,3095.383,3668029.127
226729,SSM2223JWGRN00403,30/03/2023,4-FLUORO-3-TRIFLUOROMETHYL PHENOL,26000083,4-FTMP CRUDE,#117+118/22,0,0,KGS,1205.0,180.81,217876.05,3041.199,3664645.327
232732,SSM2324JWGRN00010,05/04/2023,4-FLUORO-3-TRIFLUOROMETHYL PHENOL,26000083,4-FTMP CRUDE,#123/23+01/24,0,0,KGS,925.0,180.81,167249.25,2043.929,1890633.888
15865,SSM2223JWGRN00008,26/04/2022,4-FLUORO-3-TRIFLUOROMETHYL PHENOL,26000083,4-FTMP CRUDE,#008/22,,,KGS,776.0,161.0,124936.0,2313.878,1795569.667
15881,SSM2223JWGRN00009,26/04/2022,4-FLUORO-3-TRIFLUOROMETHYL PHENOL,26000083,4-FTMP CRUDE,#009+010/22,,,KGS,826.0,161.0,132986.0,815.513,673614.0
191150,SSM2223JWGRN00316,08/02/2023,4-FLUORO-3-TRIFLUOROMETHYL PHENOL,26000083,4-FTMP CRUDE,#83+84/22,,,KGS,1440.0,180.81,260366.4,2561.142,3688044.4
25812,SSM2223JWGRN00019,06/05/2022,4-FLUORO-3-TRIFLUOROMETHYL PHENOL,26000083,4-FTMP CRUDE,#21+22/22,,,KGS,1198.0,161.0,192878.0,2925.248,3504447.333
26131,SSM2223JWGRN00022,11/05/2022,4-FLUORO-3-TRIFLUOROMETHYL PHENOL,26000083,4-FTMP CRUDE,#27+28/22,,,KGS,1459.0,161.0,234899.0,2064.966,3012785.0
43528,SSM2223JWGRN00040,09/06/2022,4-FLUORO-3-TRIFLUOROMETHYL PHENOL,26000083,4-FTMP CRUDE,#048/22,,,KGS,756.0,161.0,121716.0,2422.061,1831078.222
178998,SSM2223JWGRN00280,21/01/2023,4-FLUORO-3-TRIFLUOROMETHYL PHENOL,26000083,4-FTMP CRUDE,#69+70/22,,,KGS,925.0,180.81,167249.25,3848.444,3559810.782
28325,SSM2223JWGRN00025,19/05/2022,4-FLUORO-3-TRIFLUOROMETHYL PHENOL,26000083,4-FTMP CRUDE,#33+34/22,,,KGS,1127.0,161.0,181447.0,161.0,181447.0
425639,SSM2324JWGRN00312,28/02/2024,4-FLUORO-3-TRIFLUOROMETHYL PHENOL,26000083,4-FTMP CRUDE,#92 TO 101/24,0,0,KGS,0.0,0.0,0.0,0.0,0.0
6810,SSM2223JWGRN00003,14/04/2022,4-FLUORO-3-TRIFLUOROMETHYL PHENOL,26000083,4-FTMP CRUDE,08-Apr-2022,,,KGS,1289.0,161.0,207529.0,2766.707,3566285.0
431782,SSM2324JWGRN00321,12/03/2024,"2,6 DICHLORO BENZOYL CHLORIDE",26000046,"2,6 DCBC CRUDE",#02/24,0,0,KGS,0.0,65.0,0.0,0.0,0.0
442178,SSM2324JWGRN00334,26/03/2024,"2,6 DICHLORO BENZOYL CHLORIDE",26000046,"2,6 DCBC CRUDE",#06/24,0,0,KGS,0.0,0.0,0.0,0.0,0.0
446871,SSM2425JWGRN00003,06/04/2024,"2,6 DICHLORO BENZOYL CHLORIDE",26000046,"2,6 DCBC CRUDE",#07/24,0,0,KGS,0.0,0.0,0.0,0.0,0.0
436330,SSM2324JWGRN00324,18/03/2024,"2,6 DICHLORO BENZOYL CHLORIDE",26000046,"2,6 DCBC CRUDE",#04/24,0,0,KGS,7295.0,0.0,0.0,610.631,4454555.375
291334,SSM2324JWGRN00128,05/07/2023,"2,6 DICHLORO BENZOYL CHLORIDE",26000046,"2,6 DCBC CRUDE",#07/23,0,0,KGS,7650.0,65.0,497250.0,871.489,6666887.5
297866,SSM2324JWGRN00141,10/07/2023,"2,6 DICHLORO BENZOYL CHLORIDE",26000046,"2,6 DCBC CRUDE",#08/23,0,0,KGS,7910.0,65.0,514150.0,842.842,6666883.0
450942,SSM2425JWGRN00011,13/04/2024,"2,6 DICHLORO BENZOYL CHLORIDE",26000046,"2,6 DCBC CRUDE",#02/24,0,0,KGS,0.0,0.0,0.0,0.0,0.0
431756,SSM2324JWGRN00320,09/03/2024,"2,6 DICHLORO BENZOYL CHLORIDE",26000046,"2,6 DCBC CRUDE",#01/24,0,0,KGS,0.0,335.0,0.0,0.0,0.0
446898,SSM2425JWGRN00004,06/04/2024,"2,6 DICHLORO BENZOYL CHLORIDE",26000046,"2,6 DCBC CRUDE",#01/24,0,0,KGS,0.0,0.0,0.0,0.0,0.0
446871,SSM2425JWGRN00003,06/04/2024,"2,6 DICHLORO BENZOYL CHLORIDE",26000046,"2,6 DCBC CRUDE",#07/24,0,0,KGS,7375.0,0.0,0.0,472.717,3486285.0
446898,SSM2425JWGRN00004,06/04/2024,"2,6 DICHLORO BENZOYL CHLORIDE",26000046,"2,6 DCBC CRUDE",#01/24,0,0,KGS,7305.0,0.0,0.0,477.246,3486285.0
431756,SSM2324JWGRN00320,09/03/2024,"2,6 DICHLORO BENZOYL CHLORIDE",26000046,"2,6 DCBC CRUDE",#01/24,0,0,KGS,7285.0,0.0,0.0,821.25,5982808.79
431782,SSM2324JWGRN00321,12/03/2024,"2,6 DICHLORO BENZOYL CHLORIDE",26000046,"2,6 DCBC CRUDE",#02/24,0,0,KGS,0.0,335.0,0.0,0.0,0.0
450942,SSM2425JWGRN00011,13/04/2024,"2,6 DICHLORO BENZOYL CHLORIDE",26000046,"2,6 DCBC CRUDE",#02/24,0,0,KGS,7275.0,0.0,0.0,481.263,3501185.0
272525,SSM2324JWGRN00096,07/06/2023,"2,6 DICHLORO BENZOYL CHLORIDE",26000046,"2,6 DCBC CRUDE",#01/23,0,0,KGS,7760.0,65.0,504400.0,857.398,6653406.0
274767,SSM2324JWGRN00101,12/06/2023,"2,6 DICHLORO BENZOYL CHLORIDE",26000046,"2,6 DCBC CRUDE",#02/23,0,0,KGS,5780.0,65.0,375700.0,924.952,5346220.0
439110,SSM2324JWGRN00329,24/03/2024,"2,6 DICHLORO BENZOYL CHLORIDE",26000046,"2,6 DCBC CRUDE",#05/24,0,0,KGS,8260.0,0.0,0.0,1166.277,9633450.0
436320,SSM2324JWGRN00323,15/03/2024,"2,6 DICHLORO BENZOYL CHLORIDE",26000046,"2,6 DCBC CRUDE",#03/24,0,0,KGS,7295.0,0.0,0.0,609.386,4445473.0
442178,SSM2324JWGRN00334,26/03/2024,"2,6 DICHLORO BENZOYL CHLORIDE",26000046,"2,6 DCBC CRUDE",#06/24,0,0,KGS,0.0,0.0,0.0,0.0,0.0
287448,SSM2324JWGRN00116,27/06/2023,"2,6 DICHLORO BENZOYL CHLORIDE",26000046,"2,6 DCBC CRUDE",#005/23,0,0,KGS,7670.0,65.0,498550.0,871.564,6684896.0
305699,SSM2324JWGRN00157,30/07/2023,"2,6 DICHLORO BENZOYL CHLORIDE",26000046,"2,6 DCBC CRUDE",#11/23,0,0,KGS,7800.0,65.0,507000.0,892.933,6964876.945
214852,SSM2223JWGRN00363,08/03/2023,C-5 HYDROXY ESTER,26000097,C-5 HYDROXY ESTER CRUDE,#222+223/22,0,0,KGS,3890.0,87.5,340375.0,472.925,1839676.884
180670,SSM2223JWGRN00283,22/01/2023,C-5 HYDROXY ESTER,26000097,C-5 HYDROXY ESTER CRUDE,#0186+0187/22,,,KGS,3610.0,87.5,315875.0,550.533,1987425.459
192170,SSM2223JWGRN00320,10/02/2023,C-5 HYDROXY ESTER,26000097,C-5 HYDROXY ESTER CRUDE,#0204+0205/22,,,KGS,3760.0,87.5,329000.0,527.509,1983434.157
156248,SSM2223JWGRN00186,09/12/2022,C-5 HYDROXY ESTER,26000097,C-5 HYDROXY ESTER CRUDE,#136+137/22,,,KGS,4060.0,87.5,355250.0,501.968,2037989.139
159380,SSM2223JWGRN00203,13/12/2022,C-5 HYDROXY ESTER,26000097,C-5 HYDROXY ESTER CRUDE,#142+143/22,,,KGS,3700.0,87.5,323750.0,543.145,2009635.007
162288,SSM2223JWGRN00214,21/12/2022,C-5 HYDROXY ESTER,26000097,C-5 HYDROXY ESTER CRUDE,#0150+0151/22,,,KGS,3640.0,87.5,318500.0,571.166,2079043.764
69818,SSM2223JWGRN00059,27/07/2022,C-5 HYDROXY ESTER,26000097,C-5 HYDROXY ESTER CRUDE,#17+18/22,,,KGS,3400.0,87.5,297500.0,641.576,2181357.153
74130,SSM2223JWGRN00060,30/07/2022,C-5 HYDROXY ESTER,26000097,C-5 HYDROXY ESTER CRUDE,#19+21/22,,,KGS,3526.0,87.5,308525.0,595.813,2100838.027
94873,SSM2223JWGRN00076,03/09/2022,C-5 HYDROXY ESTER,26000097,C-5 HYDROXY ESTER CRUDE,#50+51/22,,,KGS,0.0,40.5,0.0,0.0,0.0
94966,SSM2223JWGRN00077,05/09/2022,C-5 HYDROXY ESTER,26000097,C-5 HYDROXY ESTER CRUDE,#52+53/22,,,KGS,3610.0,87.5,315875.0,642.133,2318098.345
139811,SSM2223JWGRN00138,15/11/2022,C-5 HYDROXY ESTER,26000097,C-5 HYDROXY ESTER CRUDE,#123+124/22,,,KGS,3520.0,87.5,308000.0,569.84,2005837.555
146125,SSM2223JWGRN00148,25/11/2022,C-5 HYDROXY ESTER,26000097,C-5 HYDROXY ESTER CRUDE,#0135/22,,,KGS,1840.0,87.5,161000.0,542.764,998685.751
79004,SSM2223JWGRN00062,02/08/2022,C-5 HYDROXY ESTER,26000097,C-5 HYDROXY ESTER CRUDE,#023+24/22,,,KGS,3370.0,144.0,485280.0,618.484,2084292.344
79310,SSM2223JWGRN00064,07/08/2022,C-5 HYDROXY ESTER,26000097,C-5 HYDROXY ESTER CRUDE,#27+28/22,,,KGS,3340.0,144.0,480960.0,615.364,2055314.725
79323,SSM2223JWGRN00065,09/08/2022,C-5 HYDROXY ESTER,26000097,C-5 HYDROXY ESTER CRUDE,#29+30/22,,,KGS,3075.0,144.0,442800.0,649.723,1997896.988
79342,SSM2223JWGRN00066,11/08/2022,C-5 HYDROXY ESTER,26000097,C-5 HYDROXY ESTER CRUDE,#31+32/22,,,KGS,0.0,0.0,0.0,0.0,0.0
99528,SSM2223JWGRN00079,08/09/2022,C-5 HYDROXY ESTER,26000097,C-5 HYDROXY ESTER CRUDE,#56+57/22,,,KGS,0.0,144.0,0.0,0.0,0.0
99592,SSM2223JWGRN00082,14/09/2022,C-5 HYDROXY ESTER,26000097,C-5 HYDROXY ESTER CRUDE,#62+63/22,,,KGS,0.0,144.0,0.0,0.0,0.0
100779,SSM2223JWGRN00084,17/09/2022,C-5 HYDROXY ESTER,26000097,C-5 HYDROXY ESTER CRUDE,#66+67/22,,,KGS,0.0,144.0,0.0,0.0,0.0
129098,SSM2223JWGRN00120,02/11/2022,C-5 HYDROXY ESTER,26000097,C-5 HYDROXY ESTER CRUDE,#113+114/22,,,KGS,2885.0,87.5,252437.5,767.828,2215185.133
58393,SSM2223JWGRN00048,07/07/2022,C-5 HYDROXY ESTER,26000097,C-5 HYDROXY ESTER CRUDE,#03+04/22,,,KGS,3300.0,87.5,288750.0,690.148,2277486.836
62454,SSM2223JWGRN00051,15/07/2022,C-5 HYDROXY ESTER,26000097,C-5 HYDROXY ESTER CRUDE,#01+02&#07+08/22,,,KGS,4900.0,87.5,428750.0,924.039,4527793.404
106226,SSM2223JWGRN00089,23/09/2022,C-5 HYDROXY ESTER,26000097,C-5 HYDROXY ESTER CRUDE,#74+75/22,,,KGS,3135.0,87.5,274312.5,643.939,2018747.94
106292,SSM2223JWGRN00091,26/09/2022,C-5 HYDROXY ESTER,26000097,C-5 HYDROXY ESTER CRUDE,#79+80/22,,,KGS,0.0,40.5,0.0,0.0,0.0
108096,SSM2223JWGRN00092,29/09/2022,C-5 HYDROXY ESTER,26000097,C-5 HYDROXY ESTER CRUDE,#81+82/22,,,KGS,0.0,40.5,0.0,0.0,0.0
108833,SSM2223JWGRN00093,30/09/2022,C-5 HYDROXY ESTER,26000097,C-5 HYDROXY ESTER CRUDE,#83+84/22,,,KGS,3510.0,87.5,307125.0,579.503,2034054.799
134955,SSM2223JWGRN00123,10/11/2022,C-5 HYDROXY ESTER,26000097,C-5 HYDROXY ESTER CRUDE,#0115+0116/22,,,KGS,4089.0,87.5,357787.5,536.115,2192174.884
171394,SSM2223JWGRN00257,06/01/2023,4-FLUORO-3-TRIFLUOROMETHYL PHENOL,26000083,4-FTMP CRUDE,#53+60/22,,,KGS,985.0,180.81,178097.85,3782.873,3726130.306
171497,SSM2223JWGRN00258,09/01/2023,4-FLUORO-3-TRIFLUOROMETHYL PHENOL,26000083,4-FTMP CRUDE,#61+62/22,,,KGS,1330.0,180.81,240477.3,2848.504,3788509.755
532912,SSM2425JWGRN00084,15/08/2024,"2,6 DIMETHOXY BENZOIC ACID",26000167,"2,6 DMBN (STAGE-II) WET POWDER",#MAX#46+47,0,0,KGS,3063.0,0.0,0.0,312.648,957640.025
532912,SSM2425JWGRN00084,15/08/2024,"2,6 DIMETHOXY BENZOIC ACID",26000167,"2,6 DMBN (STAGE-II) WET POWDER",#MAX#46+47,0,0,KGS,0.0,0.0,0.0,0.0,0.0
443307,SSM2324JWGRN00338,20/03/2024,"4-HYDROXY-3-(2,4,6-TRIMETHYLPHENYL)-1-OXASPIRO[4.4]NON-3-EN-2-ONE",26000209,SPIR STAGE-I,#128,0,0,KGS,300.0,0.0,0.0,129.64,38892.0
443307,SSM2324JWGRN00338,20/03/2024,"4-HYDROXY-3-(2,4,6-TRIMETHYLPHENYL)-1-OXASPIRO[4.4]NON-3-EN-2-ONE",99000005,SPIR RECOVERED TOLUENE,#128,0,0,KGS,2810.0,0.0,0.0,9.562,26869.651
228159,SSM2223JWGRN00409,31/03/2023,2-CHLORO BENZALDEHYD,26000213,2-CHLORO BENZAL CHLORIDE CRUDE,#003/22,0,0,KGS,4195.0,25.0,104875.0,143.534,602125.068
228133,SSM2223JWGRN00407,26/03/2023,2-CHLORO BENZALDEHYD,26000213,2-CHLORO BENZAL CHLORIDE CRUDE,#001/22,0,0,KGS,4220.0,25.0,105500.0,155.344,655550.068
228182,SSM2324JWGRN00005,03/04/2023,2-CHLORO BENZALDEHYD,26000213,2-CHLORO BENZAL CHLORIDE CRUDE,#004/23,0,0,KGS,4195.0,25.0,104875.0,139.076,583425.068
228140,SSM2223JWGRN00408,28/03/2023,2-CHLORO BENZALDEHYD,26000213,2-CHLORO BENZAL CHLORIDE CRUDE,#002/22,0,0,KGS,4205.0,25.0,105125.0,160.517,674975.068
557172,SSM2425JWGRN00088,14/10/2024,2-CHLORO BENZALDEHYD,26000213,2-CHLORO BENZAL CHLORIDE CRUDE,#02&03/24,0,0,KGS,5240.0,0.0,0.0,246.831,1293394.54
557172,SSM2425JWGRN00088,14/10/2024,2-CHLORO BENZALDEHYD,26000213,2-CHLORO BENZAL CHLORIDE CRUDE,#02&03/24,0,0,KGS,0.0,0.0,0.0,0.0,0.0
267421,SSM2324JWGRN00086,28/05/2023,"2,4 DICHLORO BENZALDEHYDE",26000220,"2,4 DICHLORO BENZALDEHYDE WET CAKE",#02/23,0,0,KGS,990.0,50.0,49500.0,336.884,333515.339
297955,SSM2324JWGRN00143,04/07/2023,"2,4 DICHLORO BENZALDEHYDE",26000220,"2,4 DICHLORO BENZALDEHYDE WET CAKE",#09/23,0,0,KGS,1155.0,50.0,57750.0,526.411,608004.815
291080,SSM2324JWGRN00125,01/06/2023,"2,4 DICHLORO BENZALDEHYDE",26000220,"2,4 DICHLORO BENZALDEHYDE WET CAKE",#03/23,0,0,KGS,990.0,50.0,49500.0,392.334,388411.051
292331,SSM2324JWGRN00134,30/06/2023,"2,4 DICHLORO BENZALDEHYDE",26000220,"2,4 DICHLORO BENZALDEHYDE WET CAKE",#07+08/23,0,0,KGS,1691.0,50.0,84550.0,429.868,726906.403
261163,SSM2324JWGRN00073,21/05/2023,"2,4 DICHLORO BENZALDEHYDE",26000220,"2,4 DICHLORO BENZALDEHYDE WET CAKE",#01/23,0,0,KGS,875.0,50.0,43750.0,506.865,443507.142
291082,SSM2324JWGRN00126,09/06/2023,"2,4 DICHLORO BENZALDEHYDE",26000220,"2,4 DICHLORO BENZALDEHYDE WET CAKE",#04/23,0,0,KGS,840.0,50.0,42000.0,417.471,350675.552
291084,SSM2324JWGRN00127,21/06/2023,"2,4 DICHLORO BENZALDEHYDE",26000220,"2,4 DICHLORO BENZALDEHYDE WET CAKE",#06/23,0,0,KGS,1165.0,50.0,58250.0,353.54,411874.227
389400,SSM2324JWGRN00256,01/01/2024,2-AMINO-5-CHLORO-3-METHYLBENZOIC ACID (ACMBA),26000248,2-AMINO 3-METHYL BENZOIC ACID,#OCMAB2312017 to #21,0,0,KGS,3100.0,0.0,0.0,1253.906,3887109.517
365681,SSM2324JWGRN00223,23/11/2023,2-AMINO-5-CHLORO-3-METHYLBENZOIC ACID (ACMBA),26000248,2-AMINO 3-METHYL BENZOIC ACID,#OCMAB2311006 to #09,0,0,KGS,2700.0,0.0,0.0,1084.644,2928538.594
359853,SSM2324JWGRN00220,15/11/2023,2-AMINO-5-CHLORO-3-METHYLBENZOIC ACID (ACMBA),26000248,2-AMINO 3-METHYL BENZOIC ACID,#OCMAB2311001to#05,0,0,KGS,1575.0,0.0,0.0,1184.075,1864917.556
377655,SSM2324JWGRN00240,14/12/2023,2-AMINO-5-CHLORO-3-METHYLBENZOIC ACID (ACMBA),26000248,2-AMINO 3-METHYL BENZOIC ACID,#OCMAB2312010 TO 13,0,0,KGS,2100.0,0.0,0.0,1093.582,2296521.26
383419,SSM2324JWGRN00245,21/12/2023,2-AMINO-5-CHLORO-3-METHYLBENZOIC ACID (ACMBA),26000248,2-AMINO 3-METHYL BENZOIC ACID,#OCMAB2312014 to #16,0,0,KGS,2150.0,0.0,0.0,1129.336,2428073.075
412265,SSM2324JWGRN00280,30/01/2024,2-AMINO-5-CHLORO-3-METHYLBENZOIC ACID (ACMBA),26000248,2-AMINO 3-METHYL BENZOIC ACID,#OCMAB2401001(LOT-1&2),0,0,KGS,0.0,0.0,0.0,0.0,0.0
412265,SSM2324JWGRN00280,30/01/2024,2-AMINO-5-CHLORO-3-METHYLBENZOIC ACID (ACMBA),26000248,2-AMINO 3-METHYL BENZOIC ACID,#OCMAB2401001(LOT-1&2),0,0,KGS,725.0,0.0,0.0,68.483,49650.311
404295,SSM2324JWGRN00272,11/01/2024,4-TERTIARY BUTYL BENZYL CYANIDE,26000254,TBBC STAGE-II CRUDE,#JW/44,0,0,KGS,497.0,0.0,0.0,781.614,388462.168
509165,SSM2425JWGRN00073,22/07/2024,METCAMIFEN TECH.,99000041,METCAMIFEN STAGE-III DISTILLED ACETONITRILE,#AAL/150/24-25,0,0,KGS,0.0,0.0,0.0,0.0,0.0
516979,SSM2425JWGRN00079,04/08/2024,METCAMIFEN TECH.,99000041,METCAMIFEN STAGE-III DISTILLED ACETONITRILE,#AAL/162/24-25,0,0,KGS,1925.0,0.0,0.0,6.473,12460.0
505570,SSM2425JWGRN00070,11/07/2024,METCAMIFEN TECH.,99000041,METCAMIFEN STAGE-III DISTILLED ACETONITRILE,#AAL/139/24-25,0,0,KGS,435.0,0.0,0.0,6.943,3020.0
509165,SSM2425JWGRN00073,22/07/2024,METCAMIFEN TECH.,99000041,METCAMIFEN STAGE-III DISTILLED ACETONITRILE,#AAL/150/24-25,0,0,KGS,4540.0,0.0,0.0,7.174,32570.0
505570,SSM2425JWGRN00070,11/07/2024,METCAMIFEN TECH.,99000041,METCAMIFEN STAGE-III DISTILLED ACETONITRILE,#AAL/139/24-25,0,0,KGS,1450.0,0.0,0.0,9.807,14220.0
505570,SSM2425JWGRN00070,11/07/2024,METCAMIFEN TECH.,99000041,METCAMIFEN STAGE-III DISTILLED ACETONITRILE,#AAL/139/24-25,0,0,KGS,2040.0,0.0,0.0,4.963,10125.0
514931,SSM2425JWGRN00077,28/07/2024,METCAMIFEN TECH.,99000041,METCAMIFEN STAGE-III DISTILLED ACETONITRILE,#AAL/159/24-25,0,0,KGS,2215.0,0.0,0.0,6.205,13745.0
193999,SSM2223JWGRN00323,14/02/2023,"4-HYDROXY-3-(2,4,6-TRIMETHYLPHENYL)-1-OXASPIRO[4.4]NON-3-EN-2-ONE",31000040,"4-HYDROXY-3-(2,4,6-TRIMETHYLPHENYL)-1-OXASPIRO[4.4]NON-3-EN-2-ONE",#23-SPIR0000011,,,KGS,985.0,100.0,98500.0,1392.715,1371823.903
251752,SSM2324JWGRN00056,10/05/2023,"4-HYDROXY-3-(2,4,6-TRIMETHYLPHENYL)-1-OXASPIRO[4.4]NON-3-EN-2-ONE",31000040,"4-HYDROXY-3-(2,4,6-TRIMETHYLPHENYL)-1-OXASPIRO[4.4]NON-3-EN-2-ONE",24-SPIR0000003,0,0,KGS,1015.0,228.0,231420.0,2002.483,2032519.738
190675,SSM2223JWGRN00315,07/02/2023,"4-HYDROXY-3-(2,4,6-TRIMETHYLPHENYL)-1-OXASPIRO[4.4]NON-3-EN-2-ONE",31000040,"4-HYDROXY-3-(2,4,6-TRIMETHYLPHENYL)-1-OXASPIRO[4.4]NON-3-EN-2-ONE",#0026,,,KGS,0.0,100.0,0.0,0.0,0.0
166441,SSM2223JWGRN00226,30/12/2022,"4-HYDROXY-3-(2,4,6-TRIMETHYLPHENYL)-1-OXASPIRO[4.4]NON-3-EN-2-ONE",31000040,"4-HYDROXY-3-(2,4,6-TRIMETHYLPHENYL)-1-OXASPIRO[4.4]NON-3-EN-2-ONE",23-SPIR0000004,,,KGS,1200.0,100.0,120000.0,1970.231,2364277.034
169314,SSM2223JWGRN00243,05/01/2023,"4-HYDROXY-3-(2,4,6-TRIMETHYLPHENYL)-1-OXASPIRO[4.4]NON-3-EN-2-ONE",31000040,"4-HYDROXY-3-(2,4,6-TRIMETHYLPHENYL)-1-OXASPIRO[4.4]NON-3-EN-2-ONE",#23-SPIR0000005,,,KGS,1000.0,100.0,100000.0,1759.677,1759676.612
307704,SSM2324JWGRN00162,16/07/2023,"4-HYDROXY-3-(2,4,6-TRIMETHYLPHENYL)-1-OXASPIRO[4.4]NON-3-EN-2-ONE",31000040,"4-HYDROXY-3-(2,4,6-TRIMETHYLPHENYL)-1-OXASPIRO[4.4]NON-3-EN-2-ONE",#20+21/23,0,0,KGS,1820.0,228.0,414960.0,1999.282,3638693.06
185822,SSM2223JWGRN00291,31/01/2023,"4-HYDROXY-3-(2,4,6-TRIMETHYLPHENYL)-1-OXASPIRO[4.4]NON-3-EN-2-ONE",31000040,"4-HYDROXY-3-(2,4,6-TRIMETHYLPHENYL)-1-OXASPIRO[4.4]NON-3-EN-2-ONE",#23-SPIR0000008,,,KGS,1000.0,100.0,100000.0,1600.249,1600249.283
189373,SSM2223JWGRN00306,06/02/2023,"4-HYDROXY-3-(2,4,6-TRIMETHYLPHENYL)-1-OXASPIRO[4.4]NON-3-EN-2-ONE",31000040,"4-HYDROXY-3-(2,4,6-TRIMETHYLPHENYL)-1-OXASPIRO[4.4]NON-3-EN-2-ONE",#23-SPIR0000009,,,KGS,1000.0,100.0,100000.0,1490.476,1490475.738
191849,SSM2223JWGRN00317,10/02/2023,"4-HYDROXY-3-(2,4,6-TRIMETHYLPHENYL)-1-OXASPIRO[4.4]NON-3-EN-2-ONE",31000040,"4-HYDROXY-3-(2,4,6-TRIMETHYLPHENYL)-1-OXASPIRO[4.4]NON-3-EN-2-ONE",#23-SPIR0000010,,,KGS,1000.0,100.0,100000.0,2473.441,2473441.139
195850,SSM2223JWGRN00325,16/02/2023,"4-HYDROXY-3-(2,4,6-TRIMETHYLPHENYL)-1-OXASPIRO[4.4]NON-3-EN-2-ONE",31000040,"4-HYDROXY-3-(2,4,6-TRIMETHYLPHENYL)-1-OXASPIRO[4.4]NON-3-EN-2-ONE",#0029,,,KGS,0.0,100.0,0.0,0.0,0.0
261816,SSM2324JWGRN00074,24/05/2023,"4-HYDROXY-3-(2,4,6-TRIMETHYLPHENYL)-1-OXASPIRO[4.4]NON-3-EN-2-ONE",31000040,"4-HYDROXY-3-(2,4,6-TRIMETHYLPHENYL)-1-OXASPIRO[4.4]NON-3-EN-2-ONE",24-SPIR0000007,0,0,KGS,805.0,228.0,183540.0,1669.518,1343962.369
266670,SSM2324JWGRN00085,31/05/2023,"4-HYDROXY-3-(2,4,6-TRIMETHYLPHENYL)-1-OXASPIRO[4.4]NON-3-EN-2-ONE",31000040,"4-HYDROXY-3-(2,4,6-TRIMETHYLPHENYL)-1-OXASPIRO[4.4]NON-3-EN-2-ONE",24-SPIR0000010,0,0,KGS,1015.0,228.0,231420.0,1760.707,1787117.823
659075,SSM2526JWGRN00002,04/04/2025,"4-HYDROXY-3-(2,4,6-TRIMETHYLPHENYL)-1-OXASPIRO[4.4]NON-3-EN-2-ONE",31000040,"4-HYDROXY-3-(2,4,6-TRIMETHYLPHENYL)-1-OXASPIRO[4.4]NON-3-EN-2-ONE",#06+07/25,99.75,100,KGS,1610.0,0.0,0.0,1017.796,1638651.895
307722,SSM2324JWGRN00163,30/07/2023,"4-HYDROXY-3-(2,4,6-TRIMETHYLPHENYL)-1-OXASPIRO[4.4]NON-3-EN-2-ONE",31000040,"4-HYDROXY-3-(2,4,6-TRIMETHYLPHENYL)-1-OXASPIRO[4.4]NON-3-EN-2-ONE",#22+23/23,0,0,KGS,1825.0,228.0,416100.0,1918.531,3501318.636
659048,SSM2526JWGRN00001,04/04/2025,"4-HYDROXY-3-(2,4,6-TRIMETHYLPHENYL)-1-OXASPIRO[4.4]NON-3-EN-2-ONE",31000040,"4-HYDROXY-3-(2,4,6-TRIMETHYLPHENYL)-1-OXASPIRO[4.4]NON-3-EN-2-ONE",#05+08+09/25,99.80,100,KGS,2366.0,0.0,0.0,1003.629,2374586.545
659075,SSM2526JWGRN00002,04/04/2025,"4-HYDROXY-3-(2,4,6-TRIMETHYLPHENYL)-1-OXASPIRO[4.4]NON-3-EN-2-ONE",31000040,"4-HYDROXY-3-(2,4,6-TRIMETHYLPHENYL)-1-OXASPIRO[4.4]NON-3-EN-2-ONE",#06+07/25,0,0,KGS,0.0,0.0,0.0,0.0,0.0
270026,SSM2324JWGRN00093,05/06/2023,"4-HYDROXY-3-(2,4,6-TRIMETHYLPHENYL)-1-OXASPIRO[4.4]NON-3-EN-2-ONE",31000040,"4-HYDROXY-3-(2,4,6-TRIMETHYLPHENYL)-1-OXASPIRO[4.4]NON-3-EN-2-ONE",24-SPIR0000011,0,0,KGS,1015.0,228.0,231420.0,1902.762,1931303.105
659048,SSM2526JWGRN00001,04/04/2025,"4-HYDROXY-3-(2,4,6-TRIMETHYLPHENYL)-1-OXASPIRO[4.4]NON-3-EN-2-ONE",31000040,"4-HYDROXY-3-(2,4,6-TRIMETHYLPHENYL)-1-OXASPIRO[4.4]NON-3-EN-2-ONE",#05+08+09/25,0,0,KGS,0.0,0.0,0.0,0.0,0.0
242687,SSM2324JWGRN00040,27/04/2023,"4-HYDROXY-3-(2,4,6-TRIMETHYLPHENYL)-1-OXASPIRO[4.4]NON-3-EN-2-ONE",31000040,"4-HYDROXY-3-(2,4,6-TRIMETHYLPHENYL)-1-OXASPIRO[4.4]NON-3-EN-2-ONE",24-SPIR0000001,99.58,100,KGS,1015.0,228.0,231420.0,1572.521,1596109.048
244836,SSM2324JWGRN00043,30/04/2023,"4-HYDROXY-3-(2,4,6-TRIMETHYLPHENYL)-1-OXASPIRO[4.4]NON-3-EN-2-ONE",31000040,"4-HYDROXY-3-(2,4,6-TRIMETHYLPHENYL)-1-OXASPIRO[4.4]NON-3-EN-2-ONE",24-SPIR0000002,0,0,KGS,3000.0,228.0,684000.0,1534.185,4602555.172
645609,SSM2425JWGRN00136,22/03/2025,"4-HYDROXY-3-(2,4,6-TRIMETHYLPHENYL)-1-OXASPIRO[4.4]NON-3-EN-2-ONE",31000040,"4-HYDROXY-3-(2,4,6-TRIMETHYLPHENYL)-1-OXASPIRO[4.4]NON-3-EN-2-ONE",#01TO#04/25,99.65,100,KGS,3010.0,0.0,0.0,937.081,2820613.334
645609,SSM2425JWGRN00136,22/03/2025,"4-HYDROXY-3-(2,4,6-TRIMETHYLPHENYL)-1-OXASPIRO[4.4]NON-3-EN-2-ONE",31000040,"4-HYDROXY-3-(2,4,6-TRIMETHYLPHENYL)-1-OXASPIRO[4.4]NON-3-EN-2-ONE",#01TO#04/25,99.65,100,KGS,0.0,0.0,0.0,0.0,0.0
305699,SSM2324JWGRN00157,30/07/2023,2-CHLORO BENZALDEHYDE,31000041,2-CHLORO BENZALDEHYDE,#11/23,0,0,KGS,0.0,25.0,0.0,0.0,0.0
297866,SSM2324JWGRN00141,10/07/2023,2-CHLORO BENZALDEHYDE,31000041,2-CHLORO BENZALDEHYDE,#08/23,0,0,KGS,0.0,25.0,0.0,0.0,0.0
302204,SSM2324JWGRN00149,26/07/2023,2-CHLORO BENZALDEHYDE,31000041,2-CHLORO BENZALDEHYDE,#10/23,0,0,KGS,0.0,25.0,0.0,0.0,0.0
266670,SSM2324JWGRN00085,31/05/2023,2-CHLORO BENZALDEHYDE,31000041,2-CHLORO BENZALDEHYDE,24-SPIR0000010,0,0,KGS,0.0,25.0,0.0,0.0,0.0
297889,SSM2324JWGRN00142,15/07/2023,2-CHLORO BENZALDEHYDE,31000041,2-CHLORO BENZALDEHYDE,#09/23,0,0,KGS,0.0,25.0,0.0,0.0,0.0
291521,SSM2324JWGRN00133,28/06/2023,"2,4 DICHLORO BENZALDEHYDE",31000043,"2,4 DICHLORO BENZALDEHYDE",#25+26(P-I)/23,0,0,KGS,0.0,0.0,0.0,0.0,0.0
342202,SSM2324JWGRN00208,13/10/2023,"2,4 DICHLORO BENZALDEHYDE",31000043,"2,4 DICHLORO BENZALDEHYDE",#06 TO #011/23,0,0,KGS,0.0,0.0,0.0,0.0,0.0
366855,SSM2324JWGRN00227,15/11/2023,"2,4 DICHLORO BENZALDEHYDE",31000043,"2,4 DICHLORO BENZALDEHYDE","#12,14 & 15",0,0,KGS,0.0,0.0,0.0,0.0,0.0
367835,SSM2324JWGRN00229,30/11/2023,"2,4 DICHLORO BENZALDEHYDE",31000043,"2,4 DICHLORO BENZALDEHYDE",#18+20/23,0,0,KGS,1560.0,0.0,0.0,520.777,812412.371
328754,SSM2324JWGRN00196,18/09/2023,"2,4 DICHLORO BENZALDEHYDE",31000043,"2,4 DICHLORO BENZALDEHYDE",#01 TO #05/23,0,0,KGS,0.0,30.0,0.0,0.0,0.0
366795,SSM2324JWGRN00226,14/11/2023,"2,4 DICHLORO BENZALDEHYDE",31000043,"2,4 DICHLORO BENZALDEHYDE","#13,16 & 17 ",0,0,KGS,0.0,0.0,0.0,0.0,0.0
366952,SSM2324JWGRN00228,16/11/2023,"2,4 DICHLORO BENZALDEHYDE",31000043,"2,4 DICHLORO BENZALDEHYDE",#17(P-II) & 19/23,0,0,KGS,0.0,0.0,0.0,0.0,0.0
367835,SSM2324JWGRN00229,30/11/2023,"2,4 DICHLORO BENZALDEHYDE",31000043,"2,4 DICHLORO BENZALDEHYDE",#18+20/23,0,0,KGS,0.0,0.0,0.0,0.0,0.0
392930,SSM2324JWGRN00259,07/01/2024,"2,4 DICHLORO BENZALDEHYDE",31000043,"2,4 DICHLORO BENZALDEHYDE",#21 to 27/23 (exclude#23/23),0,0,KGS,5000.0,0.0,0.0,459.009,2295045.003
392930,SSM2324JWGRN00259,07/01/2024,"2,4 DICHLORO BENZALDEHYDE",31000043,"2,4 DICHLORO BENZALDEHYDE",#21 to 27/23 (exclude#23/23),0,0,KGS,0.0,0.0,0.0,0.0,0.0
291457,SSM2324JWGRN00131,20/06/2023,"2,4 DICHLORO BENZALDEHYDE",31000043,"2,4 DICHLORO BENZALDEHYDE",#21+22/23,0,0,KGS,0.0,0.0,0.0,0.0,0.0
443149,SSM2324JWGRN00336,31/03/2024,"2,4 DICHLORO BENZALDEHYDE",31000043,"2,4 DICHLORO BENZALDEHYDE",#32+33+34/23,0,0,KGS,2320.0,0.0,0.0,832.778,1932045.851
366795,SSM2324JWGRN00226,14/11/2023,"2,4 DICHLORO BENZALDEHYDE",31000043,"2,4 DICHLORO BENZALDEHYDE","#13,16 & 17 ",0,0,KGS,0.0,0.0,0.0,0.0,0.0
366855,SSM2324JWGRN00227,15/11/2023,"2,4 DICHLORO BENZALDEHYDE",31000043,"2,4 DICHLORO BENZALDEHYDE","#12,14 & 15",0,0,KGS,2408.0,0.0,0.0,491.297,1183042.208
291369,SSM2324JWGRN00129,03/06/2023,"2,4 DICHLORO BENZALDEHYDE",31000043,"2,4 DICHLORO BENZALDEHYDE",#19/23,0,0,KGS,0.0,0.0,0.0,0.0,0.0
328754,SSM2324JWGRN00196,18/09/2023,"2,4 DICHLORO BENZALDEHYDE",31000043,"2,4 DICHLORO BENZALDEHYDE",#01 TO #05/23,0,0,KGS,5000.0,46.5,232500.0,660.819,3304094.342
328754,SSM2324JWGRN00196,18/09/2023,"2,4 DICHLORO BENZALDEHYDE",31000043,"2,4 DICHLORO BENZALDEHYDE",#01 TO #05/23,0,0,KGS,0.0,50.0,0.0,0.0,0.0
415273,SSM2324JWGRN00286,09/02/2024,"2,4 DICHLORO BENZALDEHYDE",31000043,"2,4 DICHLORO BENZALDEHYDE",#23& 28 to 31/23 ,0,0,KGS,0.0,0.0,0.0,0.0,0.0
443149,SSM2324JWGRN00336,31/03/2024,"2,4 DICHLORO BENZALDEHYDE",31000043,"2,4 DICHLORO BENZALDEHYDE",#32+33+34/23,0,0,KGS,0.0,0.0,0.0,0.0,0.0
291334,SSM2324JWGRN00128,05/07/2023,"2,4 DICHLORO BENZALDEHYDE",31000043,"2,4 DICHLORO BENZALDEHYDE",#07/23,0,0,KGS,0.0,50.0,0.0,0.0,0.0
291398,SSM2324JWGRN00130,10/06/2023,"2,4 DICHLORO BENZALDEHYDE",31000043,"2,4 DICHLORO BENZALDEHYDE",#20/23,0,0,KGS,0.0,0.0,0.0,0.0,0.0
291496,SSM2324JWGRN00132,27/06/2023,"2,4 DICHLORO BENZALDEHYDE",31000043,"2,4 DICHLORO BENZALDEHYDE",#23+24/23,0,0,KGS,0.0,0.0,0.0,0.0,0.0
450369,SSM2425JWGRN00010,12/04/2024,"2,4 DICHLORO BENZALDEHYDE",31000043,"2,4 DICHLORO BENZALDEHYDE",#35+(1RP&2RP)/23,0,0,KGS,0.0,0.0,0.0,0.0,0.0
443149,SSM2324JWGRN00336,31/03/2024,"2,4 DICHLORO BENZALDEHYDE",31000043,"2,4 DICHLORO BENZALDEHYDE",#32+33+34/23,0,0,KGS,0.0,0.0,0.0,0.0,0.0
443149,SSM2324JWGRN00336,31/03/2024,"2,4 DICHLORO BENZALDEHYDE",31000043,"2,4 DICHLORO BENZALDEHYDE",#32+33+34/23,0,0,KGS,0.0,0.0,0.0,0.0,0.0
443153,SSM2324JWGRN00337,31/03/2024,"2,4 DICHLORO BENZALDEHYDE",31000043,"2,4 DICHLORO BENZALDEHYDE",#20(RP)/23,0,0,KGS,560.0,0.0,0.0,1690.716,946800.878
342202,SSM2324JWGRN00208,13/10/2023,"2,4 DICHLORO BENZALDEHYDE",31000043,"2,4 DICHLORO BENZALDEHYDE",#06 TO #011/23,0,0,KGS,5000.0,0.0,0.0,540.12,2700597.627
366795,SSM2324JWGRN00226,14/11/2023,"2,4 DICHLORO BENZALDEHYDE",31000043,"2,4 DICHLORO BENZALDEHYDE","#13,16 & 17 ",0,0,KGS,1986.0,0.0,0.0,623.528,1238326.971
366855,SSM2324JWGRN00227,15/11/2023,"2,4 DICHLORO BENZALDEHYDE",31000043,"2,4 DICHLORO BENZALDEHYDE","#12,14 & 15",0,0,KGS,0.0,0.0,0.0,0.0,0.0
366952,SSM2324JWGRN00228,16/11/2023,"2,4 DICHLORO BENZALDEHYDE",31000043,"2,4 DICHLORO BENZALDEHYDE",#17(P-II) & 19/23,0,0,KGS,920.0,0.0,0.0,427.258,393077.794
392930,SSM2324JWGRN00259,07/01/2024,"2,4 DICHLORO BENZALDEHYDE",31000043,"2,4 DICHLORO BENZALDEHYDE",#21 to 27/23 (exclude#23/23),0,0,KGS,0.0,0.0,0.0,0.0,0.0
366952,SSM2324JWGRN00228,16/11/2023,"2,4 DICHLORO BENZALDEHYDE",31000043,"2,4 DICHLORO BENZALDEHYDE",#17(P-II) & 19/23,0,0,KGS,0.0,0.0,0.0,0.0,0.0
328754,SSM2324JWGRN00196,18/09/2023,"2,4 DICHLORO BENZALDEHYDE",31000043,"2,4 DICHLORO BENZALDEHYDE",#01 TO #05/23,0,0,KGS,0.0,25.0,0.0,0.0,0.0
415273,SSM2324JWGRN00286,09/02/2024,"2,4 DICHLORO BENZALDEHYDE",31000043,"2,4 DICHLORO BENZALDEHYDE",#23& 28 to 31/23 ,0,0,KGS,3000.0,0.0,0.0,605.888,1817662.738
450369,SSM2425JWGRN00010,12/04/2024,"2,4 DICHLORO BENZALDEHYDE",31000043,"2,4 DICHLORO BENZALDEHYDE",#35+(1RP&2RP)/23,0,0,KGS,0.0,0.0,0.0,0.0,0.0
450369,SSM2425JWGRN00010,12/04/2024,"2,4 DICHLORO BENZALDEHYDE",31000043,"2,4 DICHLORO BENZALDEHYDE",#35+(1RP&2RP)/23,0,0,KGS,0.0,0.0,0.0,0.0,0.0
415273,SSM2324JWGRN00286,09/02/2024,"2,4 DICHLORO BENZALDEHYDE",31000043,"2,4 DICHLORO BENZALDEHYDE",#23& 28 to 31/23 ,0,0,KGS,680.0,0.0,0.0,54.265,36900.033
415273,SSM2324JWGRN00286,09/02/2024,"2,4 DICHLORO BENZALDEHYDE",31000043,"2,4 DICHLORO BENZALDEHYDE",#23& 28 to 31/23 ,0,0,KGS,0.0,0.0,0.0,0.0,0.0
443149,SSM2324JWGRN00336,31/03/2024,"2,4 DICHLORO BENZALDEHYDE",31000043,"2,4 DICHLORO BENZALDEHYDE",#32+33+34/23,0,0,KGS,0.0,0.0,0.0,0.0,0.0
450369,SSM2425JWGRN00010,12/04/2024,"2,4 DICHLORO BENZALDEHYDE",31000043,"2,4 DICHLORO BENZALDEHYDE",#35+(1RP&2RP)/23,0,0,KGS,1400.0,0.0,0.0,1118.11,1565353.92
246926,SSM2324JWGRN00048,02/05/2023,"2,4 DICHLORO BENZOYL CHLORIDE",26000216,"2,4 DICHLRO BENZAL CHLORIDE CRUDE",#01/23,0,0,KGS,7335.0,50.0,366750.0,235.548,1727744.116
319516,SSM2324JWGRN00186,21/08/2023,"2,4 DICHLORO BENZOYL CHLORIDE",26000216,"2,4 DICHLRO BENZAL CHLORIDE CRUDE",#05/23,0,0,KGS,2550.0,0.0,0.0,229.741,585838.876
259153,SSM2324JWGRN00070,19/05/2023,"2,4 DICHLORO BENZOYL CHLORIDE",26000216,"2,4 DICHLRO BENZAL CHLORIDE CRUDE",#03/23,0,0,KGS,7265.0,50.0,363250.0,231.486,1681743.91
482532,SSM2425JWGRN00046,22/05/2024,"2,4 DICHLORO BENZALDEHYDE",28000031,"2,4 DICHLORO BENZOIC ACID SFG",#358,0,0,KGS,0.0,0.0,0.0,0.0,0.0
482532,SSM2425JWGRN00046,22/05/2024,"2,4 DICHLORO BENZALDEHYDE",28000031,"2,4 DICHLORO BENZOIC ACID SFG",#358,0,0,KGS,1028.0,0.0,0.0,138.76,142644.844
623439,SSM2425JWGRN00121,04/02/2025,"2,4 DICHLORO BENZALDEHYDE",26000230,"2,4 DICHLORO BENZOIC ACID WET CAKE",#14&15,0,0,KGS,0.0,0.0,0.0,0.0,0.0
623439,SSM2425JWGRN00121,04/02/2025,"2,4 DICHLORO BENZALDEHYDE",26000230,"2,4 DICHLORO BENZOIC ACID WET CAKE",#14&15,0,0,KGS,0.0,0.0,0.0,0.0,0.0
623439,SSM2425JWGRN00121,04/02/2025,"2,4 DICHLORO BENZALDEHYDE",26000230,"2,4 DICHLORO BENZOIC ACID WET CAKE",#14&15,0,0,KGS,3201.0,0.0,0.0,33.96,108704.844
137228,SSM2223JWGRN00127,13/11/2022,C-5 HYDROXY ESTER,26000097,C-5 HYDROXY ESTER CRUDE,#119+120/22,,,KGS,3808.0,87.5,333200.0,600.094,2285157.212
94873,SSM2223JWGRN00076,03/09/2022,C-5 HYDROXY ESTER,26000097,C-5 HYDROXY ESTER CRUDE,#50+51/22,,,KGS,3500.0,87.5,306250.0,626.974,2194409.333
94966,SSM2223JWGRN00077,05/09/2022,C-5 HYDROXY ESTER,26000097,C-5 HYDROXY ESTER CRUDE,#52+53/22,,,KGS,0.0,144.0,0.0,0.0,0.0
94989,SSM2223JWGRN00078,07/09/2022,C-5 HYDROXY ESTER,26000097,C-5 HYDROXY ESTER CRUDE,#54+55/22,,,KGS,0.0,144.0,0.0,0.0,0.0
139786,SSM2223JWGRN00137,17/11/2022,C-5 HYDROXY ESTER,26000097,C-5 HYDROXY ESTER CRUDE,#125+126/22,,,KGS,3460.0,87.5,302750.0,590.069,2041639.503
142574,SSM2223JWGRN00141,22/11/2022,C-5 HYDROXY ESTER,26000097,C-5 HYDROXY ESTER CRUDE,#131+132/22,,,KGS,3880.0,87.5,339500.0,545.306,2115788.079
144714,SSM2223JWGRN00147,23/11/2022,C-5 HYDROXY ESTER,26000097,C-5 HYDROXY ESTER CRUDE,#133+134/22,,,KGS,3680.0,87.5,322000.0,551.74,2030404.698
166357,SSM2223JWGRN00225,28/12/2022,C-5 HYDROXY ESTER,26000097,C-5 HYDROXY ESTER CRUDE,#0158+0159/22,,,KGS,3690.0,87.5,322875.0,563.731,2080167.262
64521,SSM2223JWGRN00054,20/07/2022,C-5 HYDROXY ESTER,26000097,C-5 HYDROXY ESTER CRUDE,#11+12/22,,,KGS,3550.0,87.5,310625.0,576.93,2048099.957
66995,SSM2223JWGRN00056,24/07/2022,C-5 HYDROXY ESTER,26000097,C-5 HYDROXY ESTER CRUDE,#13+14/22,,,KGS,2110.0,87.5,184625.0,914.058,1928663.123
67194,SSM2223JWGRN00057,26/07/2022,C-5 HYDROXY ESTER,26000097,C-5 HYDROXY ESTER CRUDE,#015+16/22,,,KGS,1960.0,87.5,171500.0,1145.4,2244984.546
88815,SSM2223JWGRN00074,29/08/2022,C-5 HYDROXY ESTER,26000097,C-5 HYDROXY ESTER CRUDE,#47+48,,,KGS,0.0,40.5,0.0,0.0,0.0
116778,SSM2223JWGRN00101,08/10/2022,C-5 HYDROXY ESTER,26000097,C-5 HYDROXY ESTER CRUDE,#77(RP)+85+86/22,,,KGS,5470.0,87.5,478625.0,591.496,3235480.432
174110,SSM2223JWGRN00268,13/01/2023,C-5 HYDROXY ESTER,26000097,C-5 HYDROXY ESTER CRUDE,#176+177/22,,,KGS,3820.0,87.5,334250.0,526.564,2011475.228
175517,SSM2223JWGRN00270,16/01/2023,C-5 HYDROXY ESTER,26000097,C-5 HYDROXY ESTER CRUDE,#178+1779/22,,,KGS,3730.0,87.5,326375.0,566.459,2112890.502
88038,SSM2223JWGRN00072,24/08/2022,C-5 HYDROXY ESTER,26000097,C-5 HYDROXY ESTER CRUDE,#43+44/22,,,KGS,2635.0,144.0,379440.0,806.474,2125058.69
157130,SSM2223JWGRN00195,12/12/2022,C-5 HYDROXY ESTER,26000097,C-5 HYDROXY ESTER CRUDE,#140+141/22,,,KGS,3870.0,87.5,338625.0,524.849,2031164.844
181145,SSM2223JWGRN00285,24/01/2023,C-5 HYDROXY ESTER,26000097,C-5 HYDROXY ESTER CRUDE,#0188+0189/22,,,KGS,3980.0,87.5,348250.0,521.174,2074274.191
58398,SSM2223JWGRN00049,08/07/2022,C-5 HYDROXY ESTER,26000097,C-5 HYDROXY ESTER CRUDE,#05+06/22,,,KGS,3360.0,87.5,294000.0,694.311,2332883.812
106198,SSM2223JWGRN00087,20/09/2022,C-5 HYDROXY ESTER,26000097,C-5 HYDROXY ESTER CRUDE,#70+71/22,,,KGS,0.0,40.5,0.0,0.0,0.0
106292,SSM2223JWGRN00091,26/09/2022,C-5 HYDROXY ESTER,26000097,C-5 HYDROXY ESTER CRUDE,#79+80/22,,,KGS,4220.0,87.5,369250.0,503.912,2126509.658
108096,SSM2223JWGRN00092,29/09/2022,C-5 HYDROXY ESTER,26000097,C-5 HYDROXY ESTER CRUDE,#81+82/22,,,KGS,4030.0,87.5,352625.0,533.016,2148054.112
170839,SSM2223JWGRN00253,05/01/2023,C-5 HYDROXY ESTER,26000097,C-5 HYDROXY ESTER CRUDE,#0166+0167/22,,,KGS,3580.0,87.5,313250.0,594.961,2129961.169
170900,SSM2223JWGRN00254,06/01/2023,C-5 HYDROXY ESTER,26000097,C-5 HYDROXY ESTER CRUDE,#0168+0169/22,,,KGS,3350.0,87.5,293125.0,592.992,1986522.445
171577,SSM2223JWGRN00260,09/01/2023,C-5 HYDROXY ESTER,26000097,C-5 HYDROXY ESTER CRUDE,#172+173/22,,,KGS,4120.0,87.5,360500.0,494.594,2037725.228
94989,SSM2223JWGRN00078,07/09/2022,C-5 HYDROXY ESTER,26000097,C-5 HYDROXY ESTER CRUDE,#54+55/22,,,KGS,3640.0,87.5,318500.0,615.838,2241650.02
121879,SSM2223JWGRN00103,14/10/2022,C-5 HYDROXY ESTER,26000097,C-5 HYDROXY ESTER CRUDE,#89+92/22,,,KGS,3730.0,87.5,326375.0,607.354,2265430.83
142145,SSM2223JWGRN00140,19/11/2022,C-5 HYDROXY ESTER,26000097,C-5 HYDROXY ESTER CRUDE,#0127+0128/22,,,KGS,3600.0,87.5,315000.0,626.992,2257172.298
178988,SSM2223JWGRN00279,20/01/2023,C-5 HYDROXY ESTER,26000097,C-5 HYDROXY ESTER CRUDE,#0184+0185/22,,,KGS,3780.0,87.5,330750.0,530.636,2005804.897
161248,SSM2223JWGRN00208,18/12/2022,C-5 HYDROXY ESTER,26000097,C-5 HYDROXY ESTER CRUDE,#146+147/22,,,KGS,3410.0,87.5,298375.0,655.858,2236476.323
64507,SSM2223JWGRN00053,18/07/2022,C-5 HYDROXY ESTER,26000097,C-5 HYDROXY ESTER CRUDE,#09+10/22,,,KGS,3480.0,87.5,304500.0,688.343,2395434.414
87998,SSM2223JWGRN00069,17/08/2022,C-5 HYDROXY ESTER,26000097,C-5 HYDROXY ESTER CRUDE,#37+38/22,,,KGS,0.0,40.5,0.0,0.0,0.0
88015,SSM2223JWGRN00070,20/08/2022,C-5 HYDROXY ESTER,26000097,C-5 HYDROXY ESTER CRUDE,#39+40/22,,,KGS,0.0,40.5,0.0,0.0,0.0
88031,SSM2223JWGRN00071,22/08/2022,C-5 HYDROXY ESTER,26000097,C-5 HYDROXY ESTER CRUDE,#41+42/22,,,KGS,0.0,40.5,0.0,0.0,0.0
88048,SSM2223JWGRN00073,27/08/2022,C-5 HYDROXY ESTER,26000097,C-5 HYDROXY ESTER CRUDE,#45+46/22,,,KGS,0.0,40.5,0.0,0.0,0.0
88847,SSM2223JWGRN00075,29/08/2022,C-5 HYDROXY ESTER,26000097,C-5 HYDROXY ESTER CRUDE,#49/22,,,KGS,0.0,40.5,0.0,0.0,0.0
116768,SSM2223JWGRN00100,10/10/2022,C-5 HYDROXY ESTER,26000097,C-5 HYDROXY ESTER CRUDE,#87+88/22,,,KGS,3770.0,87.5,329875.0,546.983,2062125.996
171542,SSM2223JWGRN00259,08/01/2023,C-5 HYDROXY ESTER,26000097,C-5 HYDROXY ESTER CRUDE,#170+171/22,,,KGS,3700.0,87.5,323750.0,580.795,2148941.883
177367,SSM2223JWGRN00273,18/01/2023,C-5 HYDROXY ESTER,26000097,C-5 HYDROXY ESTER CRUDE,#0182+0183/22,,,KGS,3620.0,87.5,316750.0,586.382,2122701.235
94873,SSM2223JWGRN00076,03/09/2022,C-5 HYDROXY ESTER,26000097,C-5 HYDROXY ESTER CRUDE,#50+51/22,,,KGS,0.0,144.0,0.0,0.0,0.0
94966,SSM2223JWGRN00077,05/09/2022,C-5 HYDROXY ESTER,26000097,C-5 HYDROXY ESTER CRUDE,#52+53/22,,,KGS,0.0,40.5,0.0,0.0,0.0
94989,SSM2223JWGRN00078,07/09/2022,C-5 HYDROXY ESTER,26000097,C-5 HYDROXY ESTER CRUDE,#54+55/22,,,KGS,0.0,40.5,0.0,0.0,0.0
121824,SSM2223JWGRN00102,17/10/2022,C-5 HYDROXY ESTER,26000097,C-5 HYDROXY ESTER CRUDE,#95+96/22,,,KGS,3760.0,87.5,329000.0,562.522,2115081.63
121915,SSM2223JWGRN00104,15/10/2022,C-5 HYDROXY ESTER,26000097,C-5 HYDROXY ESTER CRUDE,#93+94/22,,,KGS,3760.0,87.5,329000.0,622.554,2340803.396
121958,SSM2223JWGRN00105,19/10/2022,C-5 HYDROXY ESTER,26000097,C-5 HYDROXY ESTER CRUDE,97+98/22,,,KGS,3830.0,87.5,335125.0,542.64,2078311.994
122799,SSM2223JWGRN00106,22/10/2022,C-5 HYDROXY ESTER,26000097,C-5 HYDROXY ESTER CRUDE, #099+100/22,,,KGS,3420.0,87.5,299250.0,600.853,2054918.218
124239,SSM2223JWGRN00108,25/10/2022,C-5 HYDROXY ESTER,26000097,C-5 HYDROXY ESTER CRUDE,#103+104/22,,,KGS,4080.0,87.5,357000.0,519.795,2120763.09
124246,SSM2223JWGRN00109,27/10/2022,C-5 HYDROXY ESTER,26000097,C-5 HYDROXY ESTER CRUDE,#101+102/22,,,KGS,3680.0,87.5,322000.0,565.016,2079259.577
139756,SSM2223JWGRN00136,15/11/2022,C-5 HYDROXY ESTER,26000097,C-5 HYDROXY ESTER CRUDE,#121+122/22,,,KGS,3580.0,87.5,313250.0,609.013,2180265.814
142126,SSM2223JWGRN00139,20/11/2022,C-5 HYDROXY ESTER,26000097,C-5 HYDROXY ESTER CRUDE,#129+130/22,,,KGS,4010.0,87.5,350875.0,510.206,2045927.541
78978,SSM2223JWGRN00061,01/08/2022,C-5 HYDROXY ESTER,26000097,C-5 HYDROXY ESTER CRUDE,#20+22/22,,,KGS,0.0,0.0,0.0,0.0,0.0
79029,SSM2223JWGRN00063,04/08/2022,C-5 HYDROXY ESTER,26000097,C-5 HYDROXY ESTER CRUDE,#25+26/22,,,KGS,0.0,0.0,0.0,0.0,0.0
79352,SSM2223JWGRN00068,15/08/2022,C-5 HYDROXY ESTER,26000097,C-5 HYDROXY ESTER CRUDE,#35+36/22,,,KGS,0.0,0.0,0.0,0.0,0.0
99558,SSM2223JWGRN00080,10/09/2022,C-5 HYDROXY ESTER,26000097,C-5 HYDROXY ESTER CRUDE,#58+59/22,,,KGS,0.0,40.5,0.0,0.0,0.0
99575,SSM2223JWGRN00081,13/09/2022,C-5 HYDROXY ESTER,26000097,C-5 HYDROXY ESTER CRUDE,#60+61/22,,,KGS,0.0,40.5,0.0,0.0,0.0
99592,SSM2223JWGRN00082,14/09/2022,C-5 HYDROXY ESTER,26000097,C-5 HYDROXY ESTER CRUDE,#62+63/22,,,KGS,0.0,40.5,0.0,0.0,0.0
100771,SSM2223JWGRN00083,15/09/2022,C-5 HYDROXY ESTER,26000097,C-5 HYDROXY ESTER CRUDE,#64+65/22,,,KGS,0.0,144.0,0.0,0.0,0.0
100779,SSM2223JWGRN00084,17/09/2022,C-5 HYDROXY ESTER,26000097,C-5 HYDROXY ESTER CRUDE,#66+67/22,,,KGS,0.0,40.5,0.0,0.0,0.0
125678,SSM2223JWGRN00112,29/10/2022,C-5 HYDROXY ESTER,26000097,C-5 HYDROXY ESTER CRUDE,#105+106/22,,,KGS,3880.0,87.5,339500.0,537.954,2087261.523
78978,SSM2223JWGRN00061,01/08/2022,C-5 HYDROXY ESTER,26000097,C-5 HYDROXY ESTER CRUDE,#20+22/22,,,KGS,3446.0,144.0,496224.0,688.001,2370849.901
79310,SSM2223JWGRN00064,07/08/2022,C-5 HYDROXY ESTER,26000097,C-5 HYDROXY ESTER CRUDE,#27+28/22,,,KGS,0.0,0.0,0.0,0.0,0.0
79323,SSM2223JWGRN00065,09/08/2022,C-5 HYDROXY ESTER,26000097,C-5 HYDROXY ESTER CRUDE,#29+30/22,,,KGS,0.0,40.5,0.0,0.0,0.0
79342,SSM2223JWGRN00066,11/08/2022,C-5 HYDROXY ESTER,26000097,C-5 HYDROXY ESTER CRUDE,#31+32/22,,,KGS,3690.0,144.0,531360.0,614.707,2268268.6
79349,SSM2223JWGRN00067,14/08/2022,C-5 HYDROXY ESTER,26000097,C-5 HYDROXY ESTER CRUDE,#33+34/22,,,KGS,3580.0,144.0,515520.0,636.624,2279113.785
99528,SSM2223JWGRN00079,08/09/2022,C-5 HYDROXY ESTER,26000097,C-5 HYDROXY ESTER CRUDE,#56+57/22,,,KGS,3320.0,87.5,290500.0,602.093,1998947.686
99558,SSM2223JWGRN00080,10/09/2022,C-5 HYDROXY ESTER,26000097,C-5 HYDROXY ESTER CRUDE,#58+59/22,,,KGS,3270.0,87.5,286125.0,611.983,2001184.762
99575,SSM2223JWGRN00081,13/09/2022,C-5 HYDROXY ESTER,26000097,C-5 HYDROXY ESTER CRUDE,#60+61/22,,,KGS,0.0,144.0,0.0,0.0,0.0
99592,SSM2223JWGRN00082,14/09/2022,C-5 HYDROXY ESTER,26000097,C-5 HYDROXY ESTER CRUDE,#62+63/22,,,KGS,4220.0,87.5,369250.0,557.084,2350895.642
100771,SSM2223JWGRN00083,15/09/2022,C-5 HYDROXY ESTER,26000097,C-5 HYDROXY ESTER CRUDE,#64+65/22,,,KGS,4150.0,87.5,363125.0,502.125,2083820.795
103112,SSM2223JWGRN00085,19/09/2022,C-5 HYDROXY ESTER,26000097,C-5 HYDROXY ESTER CRUDE,#68+69/22,,,KGS,0.0,40.5,0.0,0.0,0.0
129050,SSM2223JWGRN00117,28/10/2022,C-5 HYDROXY ESTER,26000097,C-5 HYDROXY ESTER CRUDE,#107+108/22,,,KGS,3750.0,87.5,328125.0,555.327,2082475.644
129059,SSM2223JWGRN00118,29/10/2022,C-5 HYDROXY ESTER,26000097,C-5 HYDROXY ESTER CRUDE,#109+110/22,,,KGS,3660.0,87.5,320250.0,564.03,2064350.644
156342,SSM2223JWGRN00189,10/12/2022,C-5 HYDROXY ESTER,26000097,C-5 HYDROXY ESTER CRUDE,#138+139/22,,,KGS,3920.0,87.5,343000.0,528.848,2073084.118
87998,SSM2223JWGRN00069,17/08/2022,C-5 HYDROXY ESTER,26000097,C-5 HYDROXY ESTER CRUDE,#37+38/22,,,KGS,3560.0,144.0,512640.0,634.229,2257853.523
88015,SSM2223JWGRN00070,20/08/2022,C-5 HYDROXY ESTER,26000097,C-5 HYDROXY ESTER CRUDE,#39+40/22,,,KGS,3560.0,144.0,512640.0,634.407,2258489.162
88031,SSM2223JWGRN00071,22/08/2022,C-5 HYDROXY ESTER,26000097,C-5 HYDROXY ESTER CRUDE,#41+42/22,,,KGS,3830.0,144.0,551520.0,635.226,2432917.346
88038,SSM2223JWGRN00072,24/08/2022,C-5 HYDROXY ESTER,26000097,C-5 HYDROXY ESTER CRUDE,#43+44/22,,,KGS,0.0,40.5,0.0,0.0,0.0
88048,SSM2223JWGRN00073,27/08/2022,C-5 HYDROXY ESTER,26000097,C-5 HYDROXY ESTER CRUDE,#45+46/22,,,KGS,4260.0,144.0,613440.0,567.676,2418298.442
88815,SSM2223JWGRN00074,29/08/2022,C-5 HYDROXY ESTER,26000097,C-5 HYDROXY ESTER CRUDE,#47+48,,,KGS,3500.0,144.0,504000.0,671.261,2349413.687
88847,SSM2223JWGRN00075,29/08/2022,C-5 HYDROXY ESTER,26000097,C-5 HYDROXY ESTER CRUDE,#49/22,,,KGS,1800.0,144.0,259200.0,659.663,1187393.198
116778,SSM2223JWGRN00101,08/10/2022,C-5 HYDROXY ESTER,26000097,C-5 HYDROXY ESTER CRUDE,#77(RP)+85+86/22,,,KGS,0.0,40.5,0.0,0.0,0.0
146948,SSM2223JWGRN00150,25/11/2022,C-5 HYDROXY ESTER,26000097,C-5 HYDROXY ESTER CRUDE,#001(RP)/22,,,KGS,1895.0,87.5,165812.5,87.5,165812.5
106198,SSM2223JWGRN00087,20/09/2022,C-5 HYDROXY ESTER,26000097,C-5 HYDROXY ESTER CRUDE,#70+71/22,,,KGS,3550.0,87.5,310625.0,579.768,2058175.005
106213,SSM2223JWGRN00088,22/09/2022,C-5 HYDROXY ESTER,26000097,C-5 HYDROXY ESTER CRUDE,#72+73/22,,,KGS,3680.0,87.5,322000.0,559.308,2058254.063
106263,SSM2223JWGRN00090,24/09/2022,C-5 HYDROXY ESTER,26000097,C-5 HYDROXY ESTER CRUDE,#76+78/22,,,KGS,3640.0,87.5,318500.0,565.341,2057839.799
134598,SSM2223JWGRN00121,10/11/2022,C-5 HYDROXY ESTER,26000097,C-5 HYDROXY ESTER CRUDE,#117+118/22,,,KGS,3610.0,87.5,315875.0,612.443,2210917.733
134907,SSM2223JWGRN00122,09/11/2022,C-5 HYDROXY ESTER,26000097,C-5 HYDROXY ESTER CRUDE,#090+091/22,,,KGS,2235.0,87.5,195562.5,916.159,2047614.644
79004,SSM2223JWGRN00062,02/08/2022,C-5 HYDROXY ESTER,26000097,C-5 HYDROXY ESTER CRUDE,#023+24/22,,,KGS,0.0,0.0,0.0,0.0,0.0
79029,SSM2223JWGRN00063,04/08/2022,C-5 HYDROXY ESTER,26000097,C-5 HYDROXY ESTER CRUDE,#25+26/22,,,KGS,3380.0,144.0,486720.0,614.036,2075442.528
79349,SSM2223JWGRN00067,14/08/2022,C-5 HYDROXY ESTER,26000097,C-5 HYDROXY ESTER CRUDE,#33+34/22,,,KGS,0.0,0.0,0.0,0.0,0.0
79352,SSM2223JWGRN00068,15/08/2022,C-5 HYDROXY ESTER,26000097,C-5 HYDROXY ESTER CRUDE,#35+36/22,,,KGS,3125.0,144.0,450000.0,747.79,2336842.626
99528,SSM2223JWGRN00079,08/09/2022,C-5 HYDROXY ESTER,26000097,C-5 HYDROXY ESTER CRUDE,#56+57/22,,,KGS,0.0,40.5,0.0,0.0,0.0
99558,SSM2223JWGRN00080,10/09/2022,C-5 HYDROXY ESTER,26000097,C-5 HYDROXY ESTER CRUDE,#58+59/22,,,KGS,0.0,144.0,0.0,0.0,0.0
99575,SSM2223JWGRN00081,13/09/2022,C-5 HYDROXY ESTER,26000097,C-5 HYDROXY ESTER CRUDE,#60+61/22,,,KGS,3770.0,87.5,329875.0,550.351,2074824.445
100771,SSM2223JWGRN00083,15/09/2022,C-5 HYDROXY ESTER,26000097,C-5 HYDROXY ESTER CRUDE,#64+65/22,,,KGS,0.0,40.5,0.0,0.0,0.0
100779,SSM2223JWGRN00084,17/09/2022,C-5 HYDROXY ESTER,26000097,C-5 HYDROXY ESTER CRUDE,#66+67/22,,,KGS,3730.0,87.5,326375.0,553.322,2063892.384
103112,SSM2223JWGRN00085,19/09/2022,C-5 HYDROXY ESTER,26000097,C-5 HYDROXY ESTER CRUDE,#68+69/22,,,KGS,3520.0,87.5,308000.0,602.42,2120518.774
129083,SSM2223JWGRN00119,31/10/2022,C-5 HYDROXY ESTER,26000097,C-5 HYDROXY ESTER CRUDE,#111+112/22,,,KGS,3910.0,87.5,342125.0,534.016,2088003.336
173352,SSM2223JWGRN00267,11/01/2023,C-5 HYDROXY ESTER,26000097,C-5 HYDROXY ESTER CRUDE,#174+175/22,,,KGS,3430.0,87.5,300125.0,581.774,1995483.773
175958,SSM2223JWGRN00272,17/01/2023,C-5 HYDROXY ESTER,26000097,C-5 HYDROXY ESTER CRUDE,#180+181/22,,,KGS,3880.0,87.5,339500.0,522.279,2026441.089
187449,SSM2223JWGRN00299,29/01/2023,C-5 HYDROXY ESTER,26000097,C-5 HYDROXY ESTER CRUDE,#0194+0195/22,,,KGS,3830.0,87.5,335125.0,534.576,2047424.564
187680,SSM2223JWGRN00300,31/01/2023,C-5 HYDROXY ESTER,26000097,C-5 HYDROXY ESTER CRUDE,#0196+0197/22,,,KGS,3560.0,87.5,311500.0,604.522,2152098.891
189034,SSM2223JWGRN00304,05/02/2023,C-5 HYDROXY ESTER,26000097,C-5 HYDROXY ESTER CRUDE,#0198+0199/22,,,KGS,3620.0,87.5,316750.0,549.796,1990260.751
167609,SSM2223JWGRN00239,31/12/2022,C-5 HYDROXY ESTER,26000097,C-5 HYDROXY ESTER CRUDE,#162+163/22,,,KGS,3450.0,87.5,301875.0,608.306,2098657.011
207521,SSM2223JWGRN00346,28/02/2023,C-5 HYDROXY ESTER,26000097,C-5 HYDROXY ESTER CRUDE,#0214+0215/22,,,KGS,3568.0,87.5,312200.0,580.631,2071692.605
162031,SSM2223JWGRN00212,19/12/2022,C-5 HYDROXY ESTER,26000097,C-5 HYDROXY ESTER CRUDE,#0148+149/22,,,KGS,3035.0,87.5,265562.5,641.935,1948273.207
163117,SSM2223JWGRN00221,22/12/2022,C-5 HYDROXY ESTER,26000097,C-5 HYDROXY ESTER CRUDE,#0152+0153/22,,,KGS,3690.0,87.5,322875.0,589.596,2175608.339
168749,SSM2223JWGRN00242,03/01/2023,C-5 HYDROXY ESTER,26000097,C-5 HYDROXY ESTER CRUDE,#0164+0165/22,,,KGS,3990.0,87.5,349125.0,554.151,2211060.604
187258,SSM2223JWGRN00297,26/01/2023,C-5 HYDROXY ESTER,26000097,C-5 HYDROXY ESTER CRUDE,#0190+0191/22,,,KGS,3700.0,87.5,323750.0,538.25,1991525.948
187267,SSM2223JWGRN00298,28/01/2023,C-5 HYDROXY ESTER,26000097,C-5 HYDROXY ESTER CRUDE,#0192+0193/22,,,KGS,3540.0,87.5,309750.0,595.288,2107319.463
207564,SSM2223JWGRN00347,02/03/2023,C-5 HYDROXY ESTER,26000097,C-5 HYDROXY ESTER CRUDE,#0216+0217/22,,,KGS,3640.0,87.5,318500.0,547.528,1993002.692
159400,SSM2223JWGRN00205,15/12/2022,C-5 HYDROXY ESTER,26000097,C-5 HYDROXY ESTER CRUDE,#144+145/22,,,KGS,3890.0,87.5,340375.0,520.61,2025173.207
164713,SSM2223JWGRN00224,24/12/2022,C-5 HYDROXY ESTER,26000097,C-5 HYDROXY ESTER CRUDE,#0154+0155/22,,,KGS,4030.0,87.5,352625.0,506.67,2041880.118
166939,SSM2223JWGRN00231,27/12/2022,C-5 HYDROXY ESTER,26000097,C-5 HYDROXY ESTER CRUDE,#156+157/22(#135/22 RP),,,KGS,4545.0,87.5,397687.5,495.805,2253432.54
167507,SSM2223JWGRN00237,30/12/2022,C-5 HYDROXY ESTER,26000097,C-5 HYDROXY ESTER CRUDE,#0160+0161/22,,,KGS,3085.0,87.5,269937.5,652.749,2013731.464
190478,SSM2223JWGRN00313,06/02/2023,C-5 HYDROXY ESTER,26000097,C-5 HYDROXY ESTER CRUDE,#0200+0201/22,,,KGS,3900.0,87.5,341250.0,514.388,2006113.481
190501,SSM2223JWGRN00314,06/02/2023,C-5 HYDROXY ESTER,26000097,C-5 HYDROXY ESTER CRUDE,#0202+0203/22,,,KGS,3570.0,87.5,312375.0,625.242,2232112.447
199743,SSM2223JWGRN00330,18/02/2023,C-5 HYDROXY ESTER,26000097,C-5 HYDROXY ESTER CRUDE,#0206+0207/22,,,KGS,3670.0,87.5,321125.0,542.393,1990582.799
207601,SSM2223JWGRN00348,04/03/2023,C-5 HYDROXY ESTER,26000097,C-5 HYDROXY ESTER CRUDE,#0218+0219/22,,,KGS,3710.0,87.5,324625.0,560.663,2080057.925
207615,SSM2223JWGRN00349,06/03/2023,C-5 HYDROXY ESTER,26000097,C-5 HYDROXY ESTER CRUDE,#0220+0221/22,,,KGS,3560.0,87.5,311500.0,584.253,2079940.665
207476,SSM2223JWGRN00345,27/02/2023,C-5 HYDROXY ESTER,26000097,C-5 HYDROXY ESTER CRUDE,#0212+0213/22,,,KGS,3730.0,87.5,326375.0,563.964,2103584.667
199773,SSM2223JWGRN00332,19/02/2023,C-5 HYDROXY ESTER,26000097,C-5 HYDROXY ESTER CRUDE,#0208+0209/22,,,KGS,3850.0,87.5,336875.0,520.531,2004043.377
200375,SSM2223JWGRN00334,23/02/2023,C-5 HYDROXY ESTER,26000097,C-5 HYDROXY ESTER CRUDE,#0210+0211/22,,,KGS,3488.0,87.5,305200.0,566.248,1975072.442
228470,SSM2223JWGRN00413,26/03/2023,"N,N DI ISO PROPYL ETHYL AMINE",26000114,DIPEA CRUDE,#04/22,0,0,KGS,3060.0,25.0,76500.0,350.351,1072073.144
228503,SSM2223JWGRN00416,31/03/2023,"N,N DI ISO PROPYL ETHYL AMINE",26000114,DIPEA CRUDE,#07/22,0,0,KGS,3010.0,25.0,75250.0,323.229,972917.984
228445,SSM2223JWGRN00411,23/03/2023,"N,N DI ISO PROPYL ETHYL AMINE",26000114,DIPEA CRUDE,#02/22,0,0,KGS,2930.0,25.0,73250.0,373.987,1095781.563
228459,SSM2223JWGRN00412,25/03/2023,"N,N DI ISO PROPYL ETHYL AMINE",26000114,DIPEA CRUDE,#03/22,0,0,KGS,3020.0,25.0,75500.0,393.229,1187551.145
228496,SSM2223JWGRN00415,30/03/2023,"N,N DI ISO PROPYL ETHYL AMINE",26000114,DIPEA CRUDE,#06/22,0,0,KGS,3245.0,25.0,81125.0,340.868,1106118.029
228431,SSM2223JWGRN00410,20/03/2023,"N,N DI ISO PROPYL ETHYL AMINE",26000114,DIPEA CRUDE,#01/22,0,0,KGS,3065.0,25.0,76625.0,358.616,1099156.563
228480,SSM2223JWGRN00414,28/03/2023,"N,N DI ISO PROPYL ETHYL AMINE",26000114,DIPEA CRUDE,#05/22,0,0,KGS,3073.0,25.0,76825.0,386.947,1189087.943
515001,SSM2425JWGRN00078,23/07/2024,"2,6 DIMETHOXY BENZOIC ACID",26000164,"2,6 DCBN (STAGE-I) DRY POWDER",#371,0,0,KGS,3874.0,0.0,0.0,226.012,875571.322
515001,SSM2425JWGRN00078,23/07/2024,"2,6 DIMETHOXY BENZOIC ACID",26000164,"2,6 DCBN (STAGE-I) DRY POWDER",#371,0,0,KGS,0.0,0.0,0.0,0.0,0.0
335499,SSM2324JWGRN00203,08/09/2023,DIMETHYL-2-METHYL GLUTARATE,28000023,MGDM SFG,AAL/CHALLAN/042,0,0,KGS,2635.0,29.0,76415.0,45.774,120614.107
335507,SSM2324JWGRN00204,15/09/2023,DIMETHYL-2-METHYL GLUTARATE,28000023,MGDM SFG,#AAL/CHALLAN/045,0,0,KGS,1840.0,29.0,53360.0,256.234,471470.832
454790,SSM2425JWGRN00017,09/04/2024,METHYL-2-CHLORO PROPIONATE,29000033,M2CP INTERCUT-2,#MAX-RP-336/24,0,0,KGS,8790.0,0.0,0.0,33.609,295424.397
454855,SSM2425JWGRN00018,09/04/2024,METHYL-2-CHLORO PROPIONATE,29000033,M2CP INTERCUT-2,337/24,0,0,KGS,0.0,0.0,0.0,0.0,0.0
454855,SSM2425JWGRN00018,09/04/2024,METHYL-2-CHLORO PROPIONATE,29000033,M2CP INTERCUT-2,337/24,0,0,KGS,3405.0,0.0,0.0,16.979,57814.103
349049,SSM2324JWGRN00212,01/10/2023,DIMETHYL-2-METHYL GLUTARATE,29000036,MGDM INTERCUT-1,#AAL/CHALLAN/048,0,0,KGS,682.0,0.0,0.0,326.19,222461.78
349049,SSM2324JWGRN00212,01/10/2023,DIMETHYL-2-METHYL GLUTARATE,29000037,MGDM INTERCUT-2,#AAL/CHALLAN/048,0,0,KGS,571.0,0.0,0.0,235.871,134682.562
69540,SSM2223JWGRN00058,26/07/2022,4-CARBAMOYL-3-NITROBENZOIC ACID,31000038,4-CARBAMOYL-3-NITROBENZOIC ACID,#01to#10/22,,,KGS,2500.0,75.0,187500.0,1790.176,4475439.006
172949,SSM2223JWGRN00262,27/12/2022,DIMETHYL-2-METHYL GLUTARATE,26000204,MGN PURE,#202/22,,,KGS,6725.0,16.0,107600.0,329.203,2213892.197
162306,SSM2223JWGRN00217,18/12/2022,DIMETHYL-2-METHYL GLUTARATE,26000204,MGN PURE,#191/22,,,KGS,7530.0,16.0,120480.0,194.456,1464250.368
167353,SSM2223JWGRN00233,27/12/2022,DIMETHYL-2-METHYL GLUTARATE,26000204,MGN PURE,#200/22,,,KGS,7640.0,16.0,122240.0,193.295,1476776.501
159347,SSM2223JWGRN00200,12/12/2022,DIMETHYL-2-METHYL GLUTARATE,26000204,MGN PURE,#184/22,,,KGS,7660.0,16.0,122560.0,202.446,1550736.406
234385,SSM2324JWGRN00017,10/04/2023,DIMETHYL-2-METHYL GLUTARATE,26000204,MGN PURE,#013/23,0,0,KGS,7390.0,16.0,118240.0,199.403,1473585.641
156189,SSM2223JWGRN00182,05/12/2022,DIMETHYL-2-METHYL GLUTARATE,26000204,MGN PURE,#174/22,,,KGS,7570.0,16.0,121120.0,208.092,1575259.955
142786,SSM2223JWGRN00142,17/11/2022,DIMETHYL-2-METHYL GLUTARATE,26000204,MGN PURE,#145/22,,,KGS,7560.0,16.0,120960.0,194.322,1469071.307
143804,SSM2223JWGRN00144,18/11/2022,DIMETHYL-2-METHYL GLUTARATE,26000204,MGN PURE,#146/22,,,KGS,7580.0,16.0,121280.0,194.313,1472893.879
143835,SSM2223JWGRN00145,20/11/2022,DIMETHYL-2-METHYL GLUTARATE,26000204,MGN PURE,#148/22,,,KGS,7550.0,16.0,120800.0,194.307,1467017.693
138366,SSM2223JWGRN00132,13/11/2022,DIMETHYL-2-METHYL GLUTARATE,26000204,MGN PURE,#138/22,,,KGS,7520.0,14.0,105280.0,192.38,1446699.191
210826,SSM2223JWGRN00360,20/02/2023,DIMETHYL-2-METHYL GLUTARATE,26000204,MGN PURE,#246/22,,,KGS,0.0,0.0,0.0,0.0,0.0
149495,SSM2223JWGRN00159,29/11/2022,DIMETHYL-2-METHYL GLUTARATE,26000204,MGN PURE,#165/22,,,KGS,7570.0,16.0,121120.0,195.46,1479630.887
161227,SSM2223JWGRN00207,13/12/2022,DIMETHYL-2-METHYL GLUTARATE,26000204,MGN PURE,#186/22,,,KGS,7600.0,16.0,121600.0,194.47,1477969.071
172960,SSM2223JWGRN00263,28/12/2022,DIMETHYL-2-METHYL GLUTARATE,26000204,MGN PURE,#203/22,,,KGS,7350.0,16.0,117600.0,321.564,2363495.578
138363,SSM2223JWGRN00131,10/11/2022,DIMETHYL-2-METHYL GLUTARATE,26000204,MGN PURE,#135/22,,,KGS,7550.0,14.0,105700.0,192.388,1452531.66
156266,SSM2223JWGRN00187,09/12/2022,DIMETHYL-2-METHYL GLUTARATE,26000204,MGN PURE,#180/22,,,KGS,7570.0,16.0,121120.0,202.422,1532331.225
159390,SSM2223JWGRN00204,12/12/2022,DIMETHYL-2-METHYL GLUTARATE,26000204,MGN PURE,#185/22,,,KGS,7620.0,16.0,121920.0,197.983,1508631.355
148093,SSM2223JWGRN00156,26/11/2022,DIMETHYL-2-METHYL GLUTARATE,26000204,MGN PURE,#159/22,,,KGS,7530.0,16.0,120480.0,199.403,1501504.131
155899,SSM2223JWGRN00181,04/12/2022,DIMETHYL-2-METHYL GLUTARATE,26000204,MGN PURE,#172/22,,,KGS,7510.0,16.0,120160.0,208.406,1565126.878
156246,SSM2223JWGRN00185,07/12/2022,DIMETHYL-2-METHYL GLUTARATE,26000204,MGN PURE,#178/22,,,KGS,7600.0,16.0,121600.0,202.587,1539661.224
143859,SSM2223JWGRN00146,22/11/2022,DIMETHYL-2-METHYL GLUTARATE,26000204,MGN PURE,#153/22,,,KGS,7580.0,16.0,121280.0,194.182,1471901.629
238932,SSM2324JWGRN00027,18/04/2023,DIMETHYL-2-METHYL GLUTARATE,26000204,MGN PURE,#23/23,0,0,KGS,7520.0,16.0,120320.0,198.937,1496006.838
240467,SSM2324JWGRN00035,23/04/2023,DIMETHYL-2-METHYL GLUTARATE,26000204,MGN PURE,#28/23,0,0,KGS,5590.0,16.0,89440.0,198.254,1108239.344
258419,SSM2324JWGRN00065,09/05/2023,DIMETHYL-2-METHYL GLUTARATE,26000204,MGN PURE,#44/23,0,0,KGS,7550.0,16.0,120800.0,198.382,1497787.368
221699,SSM2223JWGRN00387,21/03/2023,DIMETHYL-2-METHYL GLUTARATE,26000204,MGN PURE,#279/22,0,0,KGS,5430.0,16.0,86880.0,199.074,1080969.493
238937,SSM2324JWGRN00028,20/04/2023,DIMETHYL-2-METHYL GLUTARATE,26000204,MGN PURE,#24/23,0,0,KGS,7520.0,16.0,120320.0,200.161,1505209.926
216423,SSM2223JWGRN00369,17/03/2023,DIMETHYL-2-METHYL GLUTARATE,26000204,MGN PURE,#271/22,0,0,KGS,5630.0,16.0,90080.0,199.068,1120752.856
216425,SSM2223JWGRN00370,18/03/2023,DIMETHYL-2-METHYL GLUTARATE,26000204,MGN PURE,#273/22,0,0,KGS,5610.0,16.0,89760.0,199.075,1116810.741
234366,SSM2324JWGRN00016,09/04/2023,DIMETHYL-2-METHYL GLUTARATE,26000204,MGN PURE,#010/23,0,0,KGS,6595.0,16.0,105520.0,201.382,1328113.147
167514,SSM2223JWGRN00238,23/12/2022,DIMETHYL-2-METHYL GLUTARATE,26000204,MGN PURE,#197/22,,,KGS,6695.0,16.0,107120.0,194.756,1303888.736
163779,SSM2223JWGRN00223,21/12/2022,DIMETHYL-2-METHYL GLUTARATE,26000204,MGN PURE,#195/22,,,KGS,7530.0,16.0,120480.0,194.467,1464335.159
216265,SSM2223JWGRN00368,16/03/2023,DIMETHYL-2-METHYL GLUTARATE,26000204,MGN PURE,#268/22,0,0,KGS,5600.0,16.0,89600.0,201.989,1131139.201
240456,SSM2324JWGRN00034,22/04/2023,DIMETHYL-2-METHYL GLUTARATE,26000204,MGN PURE,#27/23,0,0,KGS,7380.0,16.0,118080.0,198.259,1463148.25
162651,SSM2223JWGRN00220,21/12/2022,DIMETHYL-2-METHYL GLUTARATE,26000204,MGN PURE,#194/22,,,KGS,7560.0,16.0,120960.0,194.471,1470200.399
221697,SSM2223JWGRN00386,20/03/2023,DIMETHYL-2-METHYL GLUTARATE,26000204,MGN PURE,#276/22,0,0,KGS,7260.0,16.0,116160.0,199.076,1445295.141
238924,SSM2324JWGRN00026,17/04/2023,DIMETHYL-2-METHYL GLUTARATE,26000204,MGN PURE,#20/23,0,0,KGS,7510.0,16.0,120160.0,198.223,1488658.402
240442,SSM2324JWGRN00033,21/04/2023,DIMETHYL-2-METHYL GLUTARATE,26000204,MGN PURE,#25/23,0,0,KGS,7340.0,16.0,117440.0,198.831,1459422.567
221691,SSM2223JWGRN00385,19/03/2023,DIMETHYL-2-METHYL GLUTARATE,26000204,MGN PURE,#274/22,0,0,KGS,5610.0,16.0,89760.0,199.075,1116810.741
234392,SSM2324JWGRN00018,11/04/2023,DIMETHYL-2-METHYL GLUTARATE,26000204,MGN PURE,#014/23,0,0,KGS,7550.0,16.0,120800.0,198.802,1500951.701
234410,SSM2324JWGRN00019,14/04/2023,DIMETHYL-2-METHYL GLUTARATE,26000204,MGN PURE,#018/23,0,0,KGS,7620.0,16.0,121920.0,198.165,1510020.007
166693,SSM2223JWGRN00229,24/12/2022,DIMETHYL-2-METHYL GLUTARATE,26000204,MGN PURE,#199/22,,,KGS,7660.0,16.0,122560.0,192.84,1477155.892
258410,SSM2324JWGRN00064,07/05/2023,DIMETHYL-2-METHYL GLUTARATE,26000204,MGN PURE,#41/23,0,0,KGS,7520.0,16.0,120320.0,198.535,1492979.899
259162,SSM2324JWGRN00071,16/05/2023,DIMETHYL-2-METHYL GLUTARATE,26000204,MGN PURE,#48/23,0,0,KGS,6365.0,16.0,101840.0,201.896,1285068.103
227185,SSM2223JWGRN00405,30/03/2023,DIMETHYL-2-METHYL GLUTARATE,26000204,MGN PURE,#287/22,0,0,KGS,6395.0,16.0,102320.0,200.0,1279002.297
227179,SSM2223JWGRN00404,28/03/2023,DIMETHYL-2-METHYL GLUTARATE,26000204,MGN PURE,#285/22,0,0,KGS,6535.0,16.0,104560.0,199.512,1303810.268
227254,SSM2324JWGRN00002,03/04/2023,DIMETHYL-2-METHYL GLUTARATE,26000204,MGN PURE,#006/23,0,0,KGS,4990.0,16.0,79840.0,199.997,997986.724
417643,SSM2324JWGRN00297,02/02/2024,DIMETHYL-2-METHYL GLUTARATE,29000041,MGN INTERCUT-2,211/23,0,0,KGS,453.0,0.0,0.0,171.689,77775.097
417643,SSM2324JWGRN00297,02/02/2024,DIMETHYL-2-METHYL GLUTARATE,29000041,MGN INTERCUT-2,211/23,0,0,KGS,1219.0,0.0,0.0,178.694,217827.58
349093,SSM2324JWGRN00214,15/10/2023,DIMETHYL-2-METHYL GLUTARATE,29000041,MGN INTERCUT-2,#160/23,0,0,KGS,5074.0,0.0,0.0,162.244,823225.043
349077,SSM2324JWGRN00213,14/10/2023,DIMETHYL-2-METHYL GLUTARATE,29000041,MGN INTERCUT-2,#159/23,0,0,KGS,7757.0,0.0,0.0,162.61,1261364.105
210781,SSM2223JWGRN00356,16/02/2023,DIMETHYL-2-METHYL GLUTARATE,29000041,MGN INTERCUT-2,#241/22,,,KGS,6495.0,0.0,0.0,4.058,26357.702
210826,SSM2223JWGRN00360,20/02/2023,DIMETHYL-2-METHYL GLUTARATE,29000041,MGN INTERCUT-2,#246/22,,,KGS,5149.0,0.0,0.0,4.059,20897.892
183137,SSM2223JWGRN00290,27/01/2023,"4-HYDROXY-3-(2,4,6-TRIMETHYLPHENYL)-1-OXASPIRO[4.4]NON-3-EN-2-ONE",99000007,SPIR DISTILLED DI METHYL ACETAMIDE,#AAL/461/22-23,,,KGS,3930.0,13.5,53055.0,38.649,151889.932
265460,SSM2324JWGRN00084,29/05/2023,"4-HYDROXY-3-(2,4,6-TRIMETHYLPHENYL)-1-OXASPIRO[4.4]NON-3-EN-2-ONE",99000007,SPIR DISTILLED DI METHYL ACETAMIDE,#AAL/0052/23-24,0,0,KGS,0.0,13.5,0.0,0.0,0.0
159362,SSM2223JWGRN00201,11/12/2022,"4-HYDROXY-3-(2,4,6-TRIMETHYLPHENYL)-1-OXASPIRO[4.4]NON-3-EN-2-ONE",99000007,SPIR DISTILLED DI METHYL ACETAMIDE,#AAL/401/22-23,,,KGS,4918.0,13.5,66393.0,38.917,191393.0
166969,SSM2223JWGRN00232,26/12/2022,"4-HYDROXY-3-(2,4,6-TRIMETHYLPHENYL)-1-OXASPIRO[4.4]NON-3-EN-2-ONE",99000007,SPIR DISTILLED DI METHYL ACETAMIDE,AAL/426/22-23,,,KGS,5009.0,13.5,67621.5,39.938,200050.571
171374,SSM2223JWGRN00255,05/01/2023,"4-HYDROXY-3-(2,4,6-TRIMETHYLPHENYL)-1-OXASPIRO[4.4]NON-3-EN-2-ONE",99000007,SPIR DISTILLED DI METHYL ACETAMIDE,#AAL/440/22-23,,,KGS,3920.0,13.5,52920.0,38.238,149891.803
189673,SSM2223JWGRN00307,05/02/2023,"4-HYDROXY-3-(2,4,6-TRIMETHYLPHENYL)-1-OXASPIRO[4.4]NON-3-EN-2-ONE",99000007,SPIR DISTILLED DI METHYL ACETAMIDE,#AAL/473/22-23,,,KGS,4334.0,13.5,58509.0,39.235,170045.471
203372,SSM2223JWGRN00340,23/02/2023,"4-HYDROXY-3-(2,4,6-TRIMETHYLPHENYL)-1-OXASPIRO[4.4]NON-3-EN-2-ONE",99000007,SPIR DISTILLED DI METHYL ACETAMIDE,#AAL/502/22-23,,,KGS,4525.0,13.5,61087.5,38.547,174425.465
239936,SSM2324JWGRN00030,21/04/2023,"4-HYDROXY-3-(2,4,6-TRIMETHYLPHENYL)-1-OXASPIRO[4.4]NON-3-EN-2-ONE",99000007,SPIR DISTILLED DI METHYL ACETAMIDE,#AAL/015/23-24,0,0,KGS,4092.0,13.5,55242.0,37.74,154431.024
258454,SSM2324JWGRN00066,16/05/2023,"4-HYDROXY-3-(2,4,6-TRIMETHYLPHENYL)-1-OXASPIRO[4.4]NON-3-EN-2-ONE",99000007,SPIR DISTILLED DI METHYL ACETAMIDE,#AAL/038/23-24,0,0,KGS,4131.0,13.5,55768.5,37.973,156868.5
294447,SSM2324JWGRN00138,03/07/2023,"4-HYDROXY-3-(2,4,6-TRIMETHYLPHENYL)-1-OXASPIRO[4.4]NON-3-EN-2-ONE",99000007,SPIR DISTILLED DI METHYL ACETAMIDE,#AAL/087/23-24,0,0,KGS,3024.0,13.5,40824.0,38.606,116744.0
192178,SSM2223JWGRN00321,10/02/2023,"4-HYDROXY-3-(2,4,6-TRIMETHYLPHENYL)-1-OXASPIRO[4.4]NON-3-EN-2-ONE",99000007,SPIR DISTILLED DI METHYL ACETAMIDE,#AAL/480/22-23,,,KGS,3435.0,13.5,46372.5,38.238,131347.817
265460,SSM2324JWGRN00084,29/05/2023,"4-HYDROXY-3-(2,4,6-TRIMETHYLPHENYL)-1-OXASPIRO[4.4]NON-3-EN-2-ONE",99000007,SPIR DISTILLED DI METHYL ACETAMIDE,#AAL/0052/23-24,0,0,KGS,4131.0,13.5,55768.5,38.109,157428.5
167896,SSM2223JWGRN00241,31/12/2022,"4-HYDROXY-3-(2,4,6-TRIMETHYLPHENYL)-1-OXASPIRO[4.4]NON-3-EN-2-ONE",99000007,SPIR DISTILLED DI METHYL ACETAMIDE,#AAL/430/22-23,,,KGS,4525.0,13.5,61087.5,38.814,175635.089
264522,SSM2324JWGRN00082,27/05/2023,"4-HYDROXY-3-(2,4,6-TRIMETHYLPHENYL)-1-OXASPIRO[4.4]NON-3-EN-2-ONE",99000007,SPIR DISTILLED DI METHYL ACETAMIDE,#AAL/049/23-24,0,0,KGS,4283.0,13.5,57820.5,38.086,163120.5
282654,SSM2324JWGRN00109,24/06/2023,"4-HYDROXY-3-(2,4,6-TRIMETHYLPHENYL)-1-OXASPIRO[4.4]NON-3-EN-2-ONE",99000007,SPIR DISTILLED DI METHYL ACETAMIDE,#AAL/077/23-24,0,0,KGS,2361.0,13.5,31873.5,37.871,89413.5
188070,SSM2223JWGRN00302,01/02/2023,"4-HYDROXY-3-(2,4,6-TRIMETHYLPHENYL)-1-OXASPIRO[4.4]NON-3-EN-2-ONE",99000007,SPIR DISTILLED DI METHYL ACETAMIDE,#AAL/466/22-23,,,KGS,4132.0,13.5,55782.0,39.549,163417.84
239936,SSM2324JWGRN00030,21/04/2023,"4-HYDROXY-3-(2,4,6-TRIMETHYLPHENYL)-1-OXASPIRO[4.4]NON-3-EN-2-ONE",99000007,SPIR DISTILLED DI METHYL ACETAMIDE,#AAL/015/23-24,0,0,KGS,0.0,13.5,0.0,0.0,0.0
301754,SSM2324JWGRN00148,17/07/2023,"4-HYDROXY-3-(2,4,6-TRIMETHYLPHENYL)-1-OXASPIRO[4.4]NON-3-EN-2-ONE",99000007,SPIR DISTILLED DI METHYL ACETAMIDE,#AAL/105/23-24,0,0,KGS,3669.0,13.5,49531.5,38.172,140051.5
277534,SSM2324JWGRN00104,15/06/2023,"4-HYDROXY-3-(2,4,6-TRIMETHYLPHENYL)-1-OXASPIRO[4.4]NON-3-EN-2-ONE",99000007,SPIR DISTILLED DI METHYL ACETAMIDE,#AAL/070/23-24,0,0,KGS,4293.0,13.5,57955.5,37.26,159955.5
446225,SSM2425JWGRN00001,03/04/2024,"4-HYDROXY-3-(2,4,6-TRIMETHYLPHENYL)-1-OXASPIRO[4.4]NON-3-EN-2-ONE",99000007,SPIR DISTILLED DI METHYL ACETAMIDE,AAL/CH-002/24-25,0,0,KGS,4313.0,0.0,0.0,23.098,99620.0
273499,SSM2324JWGRN00098,09/06/2023,"4-HYDROXY-3-(2,4,6-TRIMETHYLPHENYL)-1-OXASPIRO[4.4]NON-3-EN-2-ONE",99000007,SPIR DISTILLED DI METHYL ACETAMIDE,#AAL/064/23-24,0,0,KGS,4465.0,13.5,60277.5,37.773,168657.5
243476,SSM2324JWGRN00042,27/04/2023,"4-HYDROXY-3-(2,4,6-TRIMETHYLPHENYL)-1-OXASPIRO[4.4]NON-3-EN-2-ONE",99000007,SPIR DISTILLED DI METHYL ACETAMIDE,AAL/022/23-24,0,0,KGS,4072.0,13.5,54972.0,38.166,155412.0
487136,SSM2425JWGRN00054,14/06/2024,"4-HYDROXY-3-(2,4,6-TRIMETHYLPHENYL)-1-OXASPIRO[4.4]NON-3-EN-2-ONE",99000007,SPIR DISTILLED DI METHYL ACETAMIDE,#AAL/100/24-25,0,0,KGS,535.0,0.0,0.0,25.308,13540.0
488040,SSM2425JWGRN00056,14/06/2024,"4-HYDROXY-3-(2,4,6-TRIMETHYLPHENYL)-1-OXASPIRO[4.4]NON-3-EN-2-ONE",99000007,SPIR DISTILLED DI METHYL ACETAMIDE,#AAL/101/24-25,0,0,KGS,5138.0,0.0,0.0,25.325,130120.0
508946,SSM2425JWGRN00072,21/07/2024,"4-HYDROXY-3-(2,4,6-TRIMETHYLPHENYL)-1-OXASPIRO[4.4]NON-3-EN-2-ONE",99000007,SPIR DISTILLED DI METHYL ACETAMIDE,#AAL/149/24-25,0,0,KGS,3880.0,0.0,0.0,25.495,98920.0
582307,SSM2425JWGRN00090,05/12/2024,"4-HYDROXY-3-(2,4,6-TRIMETHYLPHENYL)-1-OXASPIRO[4.4]NON-3-EN-2-ONE",99000007,SPIR DISTILLED DI METHYL ACETAMIDE,#AAL/294/24-25,0,0,KGS,2216.0,0.0,0.0,26.029,57680.0
654210,SSM2425JWGRN00139,31/03/2025,"4-HYDROXY-3-(2,4,6-TRIMETHYLPHENYL)-1-OXASPIRO[4.4]NON-3-EN-2-ONE",99000007,SPIR DISTILLED DI METHYL ACETAMIDE,#AAL/471/24-25,99.92,100,KGS,3840.0,0.0,0.0,24.844,95400.0
494458,SSM2425JWGRN00062,25/06/2024,"4-HYDROXY-3-(2,4,6-TRIMETHYLPHENYL)-1-OXASPIRO[4.4]NON-3-EN-2-ONE",99000007,SPIR DISTILLED DI METHYL ACETAMIDE,AAL/117/24-25,0,0,KGS,0.0,0.0,0.0,0.0,0.0
467689,SSM2425JWGRN00038,11/05/2024,"4-HYDROXY-3-(2,4,6-TRIMETHYLPHENYL)-1-OXASPIRO[4.4]NON-3-EN-2-ONE",99000007,SPIR DISTILLED DI METHYL ACETAMIDE,#AAL/051/24-25,0,0,KGS,3418.0,0.0,0.0,28.438,97200.0
504262,SSM2425JWGRN00068,14/07/2024,"4-HYDROXY-3-(2,4,6-TRIMETHYLPHENYL)-1-OXASPIRO[4.4]NON-3-EN-2-ONE",99000007,SPIR DISTILLED DI METHYL ACETAMIDE,#AAL/141/24-25,0,0,KGS,4151.0,0.0,0.0,25.141,104360.0
447968,SSM2425JWGRN00007,05/04/2024,"4-HYDROXY-3-(2,4,6-TRIMETHYLPHENYL)-1-OXASPIRO[4.4]NON-3-EN-2-ONE",99000007,SPIR DISTILLED DI METHYL ACETAMIDE,AAL/004/24-25,0,0,KGS,4265.0,0.0,0.0,25.418,108407.373
450949,SSM2425JWGRN00012,12/04/2024,"4-HYDROXY-3-(2,4,6-TRIMETHYLPHENYL)-1-OXASPIRO[4.4]NON-3-EN-2-ONE",99000007,SPIR DISTILLED DI METHYL ACETAMIDE,#AAL/014/24-25,0,0,KGS,3820.0,0.0,0.0,23.901,91300.0
494458,SSM2425JWGRN00062,25/06/2024,"4-HYDROXY-3-(2,4,6-TRIMETHYLPHENYL)-1-OXASPIRO[4.4]NON-3-EN-2-ONE",99000007,SPIR DISTILLED DI METHYL ACETAMIDE,AAL/117/24-25,0,0,KGS,4586.0,0.0,0.0,23.899,109600.0
453817,SSM2425JWGRN00015,18/04/2024,"4-HYDROXY-3-(2,4,6-TRIMETHYLPHENYL)-1-OXASPIRO[4.4]NON-3-EN-2-ONE",99000007,SPIR DISTILLED DI METHYL ACETAMIDE,#AAL/021/24-25,0,0,KGS,3588.0,0.0,0.0,24.459,87760.0
487125,SSM2425JWGRN00053,12/06/2024,"4-HYDROXY-3-(2,4,6-TRIMETHYLPHENYL)-1-OXASPIRO[4.4]NON-3-EN-2-ONE",99000007,SPIR DISTILLED DI METHYL ACETAMIDE,#AAL/097/24-25,0,0,KGS,3355.0,0.0,0.0,25.329,84980.0
268222,SSM2324JWGRN00089,31/05/2023,"4-HYDROXY-3-(2,4,6-TRIMETHYLPHENYL)-1-OXASPIRO[4.4]NON-3-EN-2-ONE",99000007,SPIR DISTILLED DI METHYL ACETAMIDE,#AAL/053/23-24,0,0,KGS,3397.0,13.5,45859.5,38.263,129979.5
270373,SSM2324JWGRN00095,03/06/2023,"4-HYDROXY-3-(2,4,6-TRIMETHYLPHENYL)-1-OXASPIRO[4.4]NON-3-EN-2-ONE",99000007,SPIR DISTILLED DI METHYL ACETAMIDE,#AAL/059/23-24,0,0,KGS,3346.0,13.5,45171.0,37.481,125411.0
490672,SSM2425JWGRN00059,18/06/2024,"4-HYDROXY-3-(2,4,6-TRIMETHYLPHENYL)-1-OXASPIRO[4.4]NON-3-EN-2-ONE",99000007,SPIR DISTILLED DI METHYL ACETAMIDE,#AAL/111/24-25,0,0,KGS,3890.0,0.0,0.0,25.054,97460.0
642404,SSM2425JWGRN00134,17/03/2025,"4-HYDROXY-3-(2,4,6-TRIMETHYLPHENYL)-1-OXASPIRO[4.4]NON-3-EN-2-ONE",99000007,SPIR DISTILLED DI METHYL ACETAMIDE,#AAL/452/24-25,99.89,100,KGS,2995.0,0.0,0.0,24.915,74620.0
488062,SSM2425JWGRN00057,15/06/2024,"4-HYDROXY-3-(2,4,6-TRIMETHYLPHENYL)-1-OXASPIRO[4.4]NON-3-EN-2-ONE",99000007,SPIR DISTILLED DI METHYL ACETAMIDE,#AAL/103/24-25,0,0,KGS,5483.0,0.0,0.0,25.202,138180.0
510309,SSM2425JWGRN00074,23/07/2024,"4-HYDROXY-3-(2,4,6-TRIMETHYLPHENYL)-1-OXASPIRO[4.4]NON-3-EN-2-ONE",99000007,SPIR DISTILLED DI METHYL ACETAMIDE,#AAL/151/24-25,0,0,KGS,3437.0,0.0,0.0,25.423,87380.0
582307,SSM2425JWGRN00090,05/12/2024,"4-HYDROXY-3-(2,4,6-TRIMETHYLPHENYL)-1-OXASPIRO[4.4]NON-3-EN-2-ONE",99000007,SPIR DISTILLED DI METHYL ACETAMIDE,#AAL/294/24-25,0,0,KGS,3748.0,0.0,0.0,26.201,98200.0
447968,SSM2425JWGRN00007,05/04/2024,"4-HYDROXY-3-(2,4,6-TRIMETHYLPHENYL)-1-OXASPIRO[4.4]NON-3-EN-2-ONE",99000007,SPIR DISTILLED DI METHYL ACETAMIDE,AAL/004/24-25,0,0,KGS,3445.0,0.0,0.0,25.277,87080.0
489255,SSM2425JWGRN00058,17/06/2024,"4-HYDROXY-3-(2,4,6-TRIMETHYLPHENYL)-1-OXASPIRO[4.4]NON-3-EN-2-ONE",99000007,SPIR DISTILLED DI METHYL ACETAMIDE,#AAL/104/24-25,0,0,KGS,2952.0,0.0,0.0,25.305,74700.0
502692,SSM2425JWGRN00066,08/07/2024,"4-HYDROXY-3-(2,4,6-TRIMETHYLPHENYL)-1-OXASPIRO[4.4]NON-3-EN-2-ONE",99000007,SPIR DISTILLED DI METHYL ACETAMIDE,#AAL/136/24-25,0,0,KGS,2166.0,0.0,0.0,25.429,55080.0
502723,SSM2425JWGRN00067,09/07/2024,"4-HYDROXY-3-(2,4,6-TRIMETHYLPHENYL)-1-OXASPIRO[4.4]NON-3-EN-2-ONE",99000007,SPIR DISTILLED DI METHYL ACETAMIDE,#AAL/137/24-25,0,0,KGS,1572.0,0.0,0.0,25.433,39980.0
263587,SSM2324JWGRN00076,25/05/2023,"4-HYDROXY-3-(2,4,6-TRIMETHYLPHENYL)-1-OXASPIRO[4.4]NON-3-EN-2-ONE",99000007,SPIR DISTILLED DI METHYL ACETAMIDE,#AAL/048/23-24,0,0,KGS,3507.0,13.5,47344.5,37.794,132544.5
282664,SSM2324JWGRN00110,24/06/2023,"4-HYDROXY-3-(2,4,6-TRIMETHYLPHENYL)-1-OXASPIRO[4.4]NON-3-EN-2-ONE",99000007,SPIR DISTILLED DI METHYL ACETAMIDE,#AAL/078/23-24,0,0,KGS,2215.0,13.5,29902.5,37.915,83982.5
636474,SSM2425JWGRN00132,07/03/2025,"4-HYDROXY-3-(2,4,6-TRIMETHYLPHENYL)-1-OXASPIRO[4.4]NON-3-EN-2-ONE",99000007,SPIR DISTILLED DI METHYL ACETAMIDE,#AAL/428/24-25,99.89,100,KGS,4163.0,0.0,0.0,24.803,103253.442
483515,SSM2425JWGRN00047,01/06/2024,"4-HYDROXY-3-(2,4,6-TRIMETHYLPHENYL)-1-OXASPIRO[4.4]NON-3-EN-2-ONE",99000007,SPIR DISTILLED DI METHYL ACETAMIDE,#AAL/083/24-25,0,0,KGS,5330.0,0.0,0.0,25.411,135440.0
483515,SSM2425JWGRN00047,01/06/2024,"4-HYDROXY-3-(2,4,6-TRIMETHYLPHENYL)-1-OXASPIRO[4.4]NON-3-EN-2-ONE",99000007,SPIR DISTILLED DI METHYL ACETAMIDE,#AAL/083/24-25,0,0,KGS,0.0,0.0,0.0,0.0,0.0
483538,SSM2425JWGRN00048,04/06/2024,"4-HYDROXY-3-(2,4,6-TRIMETHYLPHENYL)-1-OXASPIRO[4.4]NON-3-EN-2-ONE",99000007,SPIR DISTILLED DI METHYL ACETAMIDE,#AAL/086/24-25,0,0,KGS,1720.0,0.0,0.0,25.256,43440.0
514865,SSM2425JWGRN00075,26/07/2024,"4-HYDROXY-3-(2,4,6-TRIMETHYLPHENYL)-1-OXASPIRO[4.4]NON-3-EN-2-ONE",99000007,SPIR DISTILLED DI METHYL ACETAMIDE,#AAL/154/24-25,0,0,KGS,3537.0,0.0,0.0,25.604,90560.0
514908,SSM2425JWGRN00076,29/07/2024,"4-HYDROXY-3-(2,4,6-TRIMETHYLPHENYL)-1-OXASPIRO[4.4]NON-3-EN-2-ONE",99000007,SPIR DISTILLED DI METHYL ACETAMIDE,#AAL/155/24-25,0,0,KGS,403.0,0.0,0.0,25.608,10320.0
490690,SSM2425JWGRN00060,18/06/2024,"4-HYDROXY-3-(2,4,6-TRIMETHYLPHENYL)-1-OXASPIRO[4.4]NON-3-EN-2-ONE",99000007,SPIR DISTILLED DI METHYL ACETAMIDE,#AAL/112/24-25,0,0,KGS,3507.0,0.0,0.0,25.275,88640.0
502692,SSM2425JWGRN00066,08/07/2024,"4-HYDROXY-3-(2,4,6-TRIMETHYLPHENYL)-1-OXASPIRO[4.4]NON-3-EN-2-ONE",99000007,SPIR DISTILLED DI METHYL ACETAMIDE,#AAL/136/24-25,0,0,KGS,3345.0,0.0,0.0,25.22,84360.0
580272,SSM2425JWGRN00089,01/12/2024,"4-HYDROXY-3-(2,4,6-TRIMETHYLPHENYL)-1-OXASPIRO[4.4]NON-3-EN-2-ONE",99000007,SPIR DISTILLED DI METHYL ACETAMIDE,#AAL/290/24-25,0,0,KGS,3668.0,0.0,0.0,28.217,103500.0
591091,SSM2425JWGRN00096,22/12/2024,"4-HYDROXY-3-(2,4,6-TRIMETHYLPHENYL)-1-OXASPIRO[4.4]NON-3-EN-2-ONE",99000007,SPIR DISTILLED DI METHYL ACETAMIDE,#AAL/328/24-25,0,0,KGS,3900.0,0.0,0.0,25.123,97980.0
642404,SSM2425JWGRN00134,17/03/2025,"4-HYDROXY-3-(2,4,6-TRIMETHYLPHENYL)-1-OXASPIRO[4.4]NON-3-EN-2-ONE",99000007,SPIR DISTILLED DI METHYL ACETAMIDE,#AAL/452/24-25,99.91,100,KGS,2620.0,0.0,0.0,24.863,65140.0
505173,SSM2425JWGRN00069,15/07/2024,"4-HYDROXY-3-(2,4,6-TRIMETHYLPHENYL)-1-OXASPIRO[4.4]NON-3-EN-2-ONE",99000007,SPIR DISTILLED DI METHYL ACETAMIDE,#AAL/142/24-25,0,0,KGS,3790.0,0.0,0.0,25.266,95760.0
523244,SSM2425JWGRN00082,13/08/2024,"4-HYDROXY-3-(2,4,6-TRIMETHYLPHENYL)-1-OXASPIRO[4.4]NON-3-EN-2-ONE",99000007,SPIR DISTILLED DI METHYL ACETAMIDE,#AAL/169/24-25,0,0,KGS,3075.0,0.0,0.0,25.19,77460.0
483550,SSM2425JWGRN00049,04/06/2024,"4-HYDROXY-3-(2,4,6-TRIMETHYLPHENYL)-1-OXASPIRO[4.4]NON-3-EN-2-ONE",99000007,SPIR DISTILLED DI METHYL ACETAMIDE,#AAL/087/24-25,0,0,KGS,3550.0,0.0,0.0,24.642,87480.0
484840,SSM2425JWGRN00050,08/06/2024,"4-HYDROXY-3-(2,4,6-TRIMETHYLPHENYL)-1-OXASPIRO[4.4]NON-3-EN-2-ONE",99000007,SPIR DISTILLED DI METHYL ACETAMIDE,#AAL/090/24-25,0,0,KGS,3940.0,0.0,0.0,25.254,99500.0
496940,SSM2425JWGRN00064,29/06/2024,"4-HYDROXY-3-(2,4,6-TRIMETHYLPHENYL)-1-OXASPIRO[4.4]NON-3-EN-2-ONE",99000007,SPIR DISTILLED DI METHYL ACETAMIDE,#AAL/122/24-25,0,0,KGS,4787.0,0.0,0.0,24.809,118760.0
496955,SSM2425JWGRN00065,30/06/2024,"4-HYDROXY-3-(2,4,6-TRIMETHYLPHENYL)-1-OXASPIRO[4.4]NON-3-EN-2-ONE",99000007,SPIR DISTILLED DI METHYL ACETAMIDE,#AAL/124/24-25,0,0,KGS,6469.0,0.0,0.0,26.202,169500.0
600120,SSM2425JWGRN00105,05/01/2025,"4-HYDROXY-3-(2,4,6-TRIMETHYLPHENYL)-1-OXASPIRO[4.4]NON-3-EN-2-ONE",99000007,SPIR DISTILLED DI METHYL ACETAMIDE,#AAL/345/24-25,99.83,100,KGS,3487.0,0.0,0.0,25.03,87280.0
600120,SSM2425JWGRN00105,05/01/2025,"4-HYDROXY-3-(2,4,6-TRIMETHYLPHENYL)-1-OXASPIRO[4.4]NON-3-EN-2-ONE",99000007,SPIR DISTILLED DI METHYL ACETAMIDE,#AAL/345/24-25,99.98,100,KGS,3457.0,0.0,0.0,25.08,86700.0
649456,SSM2425JWGRN00137,24/03/2025,"4-HYDROXY-3-(2,4,6-TRIMETHYLPHENYL)-1-OXASPIRO[4.4]NON-3-EN-2-ONE",99000007,SPIR DISTILLED DI METHYL ACETAMIDE,#AAL/465/24-25,99.95,100,KGS,4566.0,0.0,0.0,24.818,113320.0
484846,SSM2425JWGRN00051,09/06/2024,"4-HYDROXY-3-(2,4,6-TRIMETHYLPHENYL)-1-OXASPIRO[4.4]NON-3-EN-2-ONE",99000007,SPIR DISTILLED DI METHYL ACETAMIDE,#AAL/091/24-25,0,0,KGS,3830.0,0.0,0.0,25.326,97000.0
495376,SSM2425JWGRN00063,27/06/2024,"4-HYDROXY-3-(2,4,6-TRIMETHYLPHENYL)-1-OXASPIRO[4.4]NON-3-EN-2-ONE",99000007,SPIR DISTILLED DI METHYL ACETAMIDE,#AAL/121/24-25,0,0,KGS,0.0,0.0,0.0,0.0,0.0
514908,SSM2425JWGRN00076,29/07/2024,"4-HYDROXY-3-(2,4,6-TRIMETHYLPHENYL)-1-OXASPIRO[4.4]NON-3-EN-2-ONE",99000007,SPIR DISTILLED DI METHYL ACETAMIDE,#AAL/155/24-25,0,0,KGS,3235.0,0.0,0.0,25.274,81760.0
586039,SSM2425JWGRN00091,13/12/2024,"4-HYDROXY-3-(2,4,6-TRIMETHYLPHENYL)-1-OXASPIRO[4.4]NON-3-EN-2-ONE",99000007,SPIR DISTILLED DI METHYL ACETAMIDE,#AAL/308/24-25,0,0,KGS,5270.0,0.0,0.0,25.78,135860.0
587010,SSM2425JWGRN00092,15/12/2024,"4-HYDROXY-3-(2,4,6-TRIMETHYLPHENYL)-1-OXASPIRO[4.4]NON-3-EN-2-ONE",99000007,SPIR DISTILLED DI METHYL ACETAMIDE,#AAL/312/24-25,0,0,KGS,3870.0,0.0,0.0,25.426,98400.0
599777,SSM2425JWGRN00104,04/01/2025,"4-HYDROXY-3-(2,4,6-TRIMETHYLPHENYL)-1-OXASPIRO[4.4]NON-3-EN-2-ONE",99000007,SPIR DISTILLED DI METHYL ACETAMIDE,#AAL/344/24-25,99.80,100,KGS,3930.0,0.0,0.0,25.074,98540.0
638419,SSM2425JWGRN00133,10/03/2025,"4-HYDROXY-3-(2,4,6-TRIMETHYLPHENYL)-1-OXASPIRO[4.4]NON-3-EN-2-ONE",99000007,SPIR DISTILLED DI METHYL ACETAMIDE,#AAL/445/24-25,99.97,100,KGS,3084.0,0.0,0.0,25.104,77420.0
523260,SSM2425JWGRN00083,13/08/2024,"4-HYDROXY-3-(2,4,6-TRIMETHYLPHENYL)-1-OXASPIRO[4.4]NON-3-EN-2-ONE",99000007,SPIR DISTILLED DI METHYL ACETAMIDE,#AAL/170/24-25,0,0,KGS,3820.0,0.0,0.0,25.487,97360.0
456579,SSM2425JWGRN00020,20/04/2024,"4-HYDROXY-3-(2,4,6-TRIMETHYLPHENYL)-1-OXASPIRO[4.4]NON-3-EN-2-ONE",99000007,SPIR DISTILLED DI METHYL ACETAMIDE,#AAL/024/24-25,0,0,KGS,3255.0,0.0,0.0,25.585,83280.0
505703,SSM2425JWGRN00071,16/07/2024,"4-HYDROXY-3-(2,4,6-TRIMETHYLPHENYL)-1-OXASPIRO[4.4]NON-3-EN-2-ONE",99000007,SPIR DISTILLED DI METHYL ACETAMIDE,#AAL/146/24-25,0,0,KGS,4031.0,0.0,0.0,25.676,103500.0
465659,SSM2425JWGRN00034,07/05/2024,"4-HYDROXY-3-(2,4,6-TRIMETHYLPHENYL)-1-OXASPIRO[4.4]NON-3-EN-2-ONE",99000007,SPIR DISTILLED DI METHYL ACETAMIDE,#AAL/045/24-25,0,0,KGS,3598.0,0.0,0.0,27.015,97200.0
494458,SSM2425JWGRN00062,25/06/2024,"4-HYDROXY-3-(2,4,6-TRIMETHYLPHENYL)-1-OXASPIRO[4.4]NON-3-EN-2-ONE",99000007,SPIR DISTILLED DI METHYL ACETAMIDE,AAL/117/24-25,0,0,KGS,0.0,0.0,0.0,0.0,0.0
502723,SSM2425JWGRN00067,09/07/2024,"4-HYDROXY-3-(2,4,6-TRIMETHYLPHENYL)-1-OXASPIRO[4.4]NON-3-EN-2-ONE",99000007,SPIR DISTILLED DI METHYL ACETAMIDE,#AAL/137/24-25,0,0,KGS,3840.0,0.0,0.0,25.214,96820.0
590485,SSM2425JWGRN00095,20/12/2024,"4-HYDROXY-3-(2,4,6-TRIMETHYLPHENYL)-1-OXASPIRO[4.4]NON-3-EN-2-ONE",99000007,SPIR DISTILLED DI METHYL ACETAMIDE,#AAL/323/24-25,0,0,KGS,3991.0,0.0,0.0,25.106,100200.0
644483,SSM2425JWGRN00135,20/03/2025,"4-HYDROXY-3-(2,4,6-TRIMETHYLPHENYL)-1-OXASPIRO[4.4]NON-3-EN-2-ONE",99000007,SPIR DISTILLED DI METHYL ACETAMIDE,#AAL/459/24-25,99.51,100,KGS,2499.0,0.0,0.0,24.93,62300.0
456572,SSM2425JWGRN00019,19/04/2024,"4-HYDROXY-3-(2,4,6-TRIMETHYLPHENYL)-1-OXASPIRO[4.4]NON-3-EN-2-ONE",99000007,SPIR DISTILLED DI METHYL ACETAMIDE,#AAL/023/24-25,0,0,KGS,3710.0,0.0,0.0,25.046,92920.0
589213,SSM2425JWGRN00093,16/12/2024,"4-HYDROXY-3-(2,4,6-TRIMETHYLPHENYL)-1-OXASPIRO[4.4]NON-3-EN-2-ONE",99000007,SPIR DISTILLED DI METHYL ACETAMIDE,#AAL/315/24-25,0,0,KGS,1572.0,0.0,0.0,25.165,39560.0
589229,SSM2425JWGRN00094,19/12/2024,"4-HYDROXY-3-(2,4,6-TRIMETHYLPHENYL)-1-OXASPIRO[4.4]NON-3-EN-2-ONE",99000007,SPIR DISTILLED DI METHYL ACETAMIDE,#AAL/320/24-25,0,0,KGS,2529.0,0.0,0.0,25.219,63780.0
495376,SSM2425JWGRN00063,27/06/2024,"4-HYDROXY-3-(2,4,6-TRIMETHYLPHENYL)-1-OXASPIRO[4.4]NON-3-EN-2-ONE",99000007,SPIR DISTILLED DI METHYL ACETAMIDE,#AAL/121/24-25,0,0,KGS,2932.0,0.0,0.0,26.63,78080.0
249931,SSM2324JWGRN00055,04/05/2023,"2,5 DIMETHYL PHENYL ACETYL CHLORIDE",26000218,DISTILLED P-XYLENE,#AAL/028/23-24,0,0,KGS,4712.0,10.0,47120.0,145.082,683624.092
246736,SSM2324JWGRN00047,02/05/2023,"2,5 DIMETHYL PHENYL ACETYL CHLORIDE",26000218,DISTILLED P-XYLENE,AAL/025/23-24,0,0,KGS,4702.0,10.0,47020.0,149.917,704907.809
256281,SSM2324JWGRN00061,12/05/2023,"2,5 DIMETHYL PHENYL ACETYL CHLORIDE",26000218,DISTILLED P-XYLENE,#AAL/033/23-24,0,0,KGS,2680.0,10.0,26800.0,158.845,425704.039
314300,SSM2324JWGRN00184,12/08/2023,"2,5 DIMETHYL PHENYL ACETYL CHLORIDE",26000219,P-XYLENE RESIDUE,#AAL/CHALLAN/037,0,0,KGS,132.0,0.0,0.0,132.0,17424.003
340350,SSM2324JWGRN00207,11/10/2023,2-AMINO-5-CHLORO-3-METHYLBENZOIC ACID (ACMBA),28000035,ACMBA SFG,#015/23,0,0,KGS,0.0,0.0,0.0,0.0,0.0
368767,SSM2324JWGRN00230,01/12/2023,2-AMINO-5-CHLORO-3-METHYLBENZOIC ACID (ACMBA),28000035,ACMBA SFG,#29+30/23,0,0,KGS,0.0,0.0,0.0,0.0,0.0
368767,SSM2324JWGRN00230,01/12/2023,2-AMINO-5-CHLORO-3-METHYLBENZOIC ACID (ACMBA),28000035,ACMBA SFG,#29+30/23,0,0,KGS,0.0,0.0,0.0,0.0,0.0
310297,SSM2324JWGRN00176,09/08/2023,2-AMINO-5-CHLORO-3-METHYLBENZOIC ACID (ACMBA),28000035,ACMBA SFG,#055/23,0,0,KGS,230.0,20.0,4600.0,1963.881,451692.548
311610,SSM2324JWGRN00178,11/08/2023,2-AMINO-5-CHLORO-3-METHYLBENZOIC ACID (ACMBA),28000035,ACMBA SFG,#02/23,0,0,KGS,533.0,175.0,93275.0,2779.18,1481302.878
311642,SSM2324JWGRN00179,12/08/2023,2-AMINO-5-CHLORO-3-METHYLBENZOIC ACID (ACMBA),28000035,ACMBA SFG,#03/23,0,0,KGS,510.0,175.0,89250.0,2427.137,1237839.89
322960,SSM2324JWGRN00190,05/09/2023,2-AMINO-5-CHLORO-3-METHYLBENZOIC ACID (ACMBA),28000035,ACMBA SFG,#09/23,0,0,KGS,0.0,0.0,0.0,0.0,0.0
323572,SSM2324JWGRN00191,06/09/2023,2-AMINO-5-CHLORO-3-METHYLBENZOIC ACID (ACMBA),28000035,ACMBA SFG,#10/23,0,0,KGS,0.0,0.0,0.0,0.0,0.0
440640,SSM2324JWGRN00330,17/02/2024,2-AMINO-5-CHLORO-3-METHYLBENZOIC ACID (ACMBA),28000035,ACMBA SFG,#56+57+58/23,0,0,KGS,0.0,0.0,0.0,0.0,0.0
440713,SSM2324JWGRN00331,03/03/2024,2-AMINO-5-CHLORO-3-METHYLBENZOIC ACID (ACMBA),28000035,ACMBA SFG,#45+46+59(I)/23,0,0,KGS,0.0,0.0,0.0,0.0,0.0
307779,SSM2324JWGRN00164,05/08/2023,2-AMINO-5-CHLORO-3-METHYLBENZOIC ACID (ACMBA),28000035,ACMBA SFG,#01/23,0,0,KGS,0.0,0.0,0.0,0.0,0.0
375378,SSM2324JWGRN00235,12/12/2023,2-AMINO-5-CHLORO-3-METHYLBENZOIC ACID (ACMBA),28000035,ACMBA SFG,#31 TO 34/23,0,0,KGS,0.0,0.0,0.0,0.0,0.0
400815,SSM2324JWGRN00268,20/01/2024,2-AMINO-5-CHLORO-3-METHYLBENZOIC ACID (ACMBA),28000035,ACMBA SFG,#47 TO 49/23,0,0,KGS,0.0,0.0,0.0,0.0,0.0
366265,SSM2324JWGRN00224,28/11/2023,2-AMINO-5-CHLORO-3-METHYLBENZOIC ACID (ACMBA),28000035,ACMBA SFG,#27+28/23,0,0,KGS,1000.0,0.0,0.0,2301.906,2301905.753
375378,SSM2324JWGRN00235,12/12/2023,2-AMINO-5-CHLORO-3-METHYLBENZOIC ACID (ACMBA),28000035,ACMBA SFG,#31 TO 34/23,0,0,KGS,0.0,0.0,0.0,0.0,0.0
322960,SSM2324JWGRN00190,05/09/2023,2-AMINO-5-CHLORO-3-METHYLBENZOIC ACID (ACMBA),28000035,ACMBA SFG,#09/23,0,0,KGS,550.0,175.0,96250.0,2314.113,1272762.161
392991,SSM2324JWGRN00260,07/01/2024,2-AMINO-5-CHLORO-3-METHYLBENZOIC ACID (ACMBA),28000035,ACMBA SFG,#42 TO 44/23,0,0,KGS,1320.0,0.0,0.0,1708.125,2254725.342
392991,SSM2324JWGRN00260,07/01/2024,2-AMINO-5-CHLORO-3-METHYLBENZOIC ACID (ACMBA),28000035,ACMBA SFG,#42 TO 44/23,0,0,KGS,0.0,0.0,0.0,0.0,0.0
387120,SSM2324JWGRN00251,30/12/2023,2-AMINO-5-CHLORO-3-METHYLBENZOIC ACID (ACMBA),28000035,ACMBA SFG,#38+39/23,0,0,KGS,1040.0,0.0,0.0,1506.363,1566617.386
400815,SSM2324JWGRN00268,20/01/2024,2-AMINO-5-CHLORO-3-METHYLBENZOIC ACID (ACMBA),28000035,ACMBA SFG,#47 TO 49/23,0,0,KGS,0.0,0.0,0.0,0.0,0.0
311610,SSM2324JWGRN00178,11/08/2023,2-AMINO-5-CHLORO-3-METHYLBENZOIC ACID (ACMBA),28000035,ACMBA SFG,#02/23,0,0,KGS,0.0,335.0,0.0,0.0,0.0
311642,SSM2324JWGRN00179,12/08/2023,2-AMINO-5-CHLORO-3-METHYLBENZOIC ACID (ACMBA),28000035,ACMBA SFG,#03/23,0,0,KGS,0.0,335.0,0.0,0.0,0.0
307610,SSM2324JWGRN00161,05/08/2023,2-AMINO-5-CHLORO-3-METHYLBENZOIC ACID (ACMBA),28000035,ACMBA SFG,#054/23,0,0,KGS,366.0,20.0,7320.0,2091.012,765310.475
307779,SSM2324JWGRN00164,05/08/2023,2-AMINO-5-CHLORO-3-METHYLBENZOIC ACID (ACMBA),28000035,ACMBA SFG,#01/23,0,0,KGS,800.0,175.0,140000.0,2548.316,2038652.998
333829,SSM2324JWGRN00201,29/09/2023,2-AMINO-5-CHLORO-3-METHYLBENZOIC ACID (ACMBA),28000035,ACMBA SFG,#13/23,0,0,KGS,0.0,335.0,0.0,0.0,0.0
371118,SSM2324JWGRN00231,05/12/2023,2-AMINO-5-CHLORO-3-METHYLBENZOIC ACID (ACMBA),28000035,ACMBA SFG,#4(P-II)+#5+8(P-II)+AS IT,0,0,KGS,1320.0,0.0,0.0,2101.407,2773857.823
340350,SSM2324JWGRN00207,11/10/2023,2-AMINO-5-CHLORO-3-METHYLBENZOIC ACID (ACMBA),28000035,ACMBA SFG,#015/23,0,0,KGS,566.0,0.0,0.0,1969.969,1115002.404
355420,SSM2324JWGRN00217,07/11/2023,2-AMINO-5-CHLORO-3-METHYLBENZOIC ACID (ACMBA),28000035,ACMBA SFG,#21+22/23,0,0,KGS,0.0,0.0,0.0,0.0,0.0
392991,SSM2324JWGRN00260,07/01/2024,2-AMINO-5-CHLORO-3-METHYLBENZOIC ACID (ACMBA),28000035,ACMBA SFG,#42 TO 44/23,0,0,KGS,0.0,0.0,0.0,0.0,0.0
405288,SSM2324JWGRN00274,27/01/2024,2-AMINO-5-CHLORO-3-METHYLBENZOIC ACID (ACMBA),28000035,ACMBA SFG,#50 TO 52/23,0,0,KGS,0.0,0.0,0.0,0.0,0.0
391200,SSM2324JWGRN00257,05/01/2024,2-AMINO-5-CHLORO-3-METHYLBENZOIC ACID (ACMBA),28000035,ACMBA SFG,#40+41/23+#42+43 PART-I,0,0,KGS,0.0,0.0,0.0,0.0,0.0
310312,SSM2324JWGRN00177,10/08/2023,2-AMINO-5-CHLORO-3-METHYLBENZOIC ACID (ACMBA),28000035,ACMBA SFG,#056/23,0,0,KGS,282.0,20.0,5640.0,1755.66,495096.127
355420,SSM2324JWGRN00217,07/11/2023,2-AMINO-5-CHLORO-3-METHYLBENZOIC ACID (ACMBA),28000035,ACMBA SFG,#21+22/23,0,0,KGS,1000.0,0.0,0.0,2160.336,2160336.379
368767,SSM2324JWGRN00230,01/12/2023,2-AMINO-5-CHLORO-3-METHYLBENZOIC ACID (ACMBA),28000035,ACMBA SFG,#29+30/23,0,0,KGS,1200.0,0.0,0.0,1717.041,2060449.319
427279,SSM2324JWGRN00313,04/02/2024,2-AMINO-5-CHLORO-3-METHYLBENZOIC ACID (ACMBA),28000035,ACMBA SFG,#54(P-II)+55/23,0,0,KGS,0.0,0.0,0.0,0.0,0.0
440640,SSM2324JWGRN00330,17/02/2024,2-AMINO-5-CHLORO-3-METHYLBENZOIC ACID (ACMBA),28000035,ACMBA SFG,#56+57+58/23,0,0,KGS,0.0,0.0,0.0,0.0,0.0
349207,SSM2324JWGRN00215,27/10/2023,2-AMINO-5-CHLORO-3-METHYLBENZOIC ACID (ACMBA),28000035,ACMBA SFG,#08(P-I)+019/23,0,0,KGS,0.0,0.0,0.0,0.0,0.0
362908,SSM2324JWGRN00221,22/11/2023,2-AMINO-5-CHLORO-3-METHYLBENZOIC ACID (ACMBA),28000035,ACMBA SFG,#24+25(P-I)/23,0,0,KGS,600.0,0.0,0.0,2412.422,1447453.141
364237,SSM2324JWGRN00222,24/11/2023,2-AMINO-5-CHLORO-3-METHYLBENZOIC ACID (ACMBA),28000035,ACMBA SFG,#25(P-I)+26/23,0,0,KGS,800.0,0.0,0.0,2315.718,1852574.501
387120,SSM2324JWGRN00251,30/12/2023,2-AMINO-5-CHLORO-3-METHYLBENZOIC ACID (ACMBA),28000035,ACMBA SFG,#38+39/23,0,0,KGS,0.0,0.0,0.0,0.0,0.0
400815,SSM2324JWGRN00268,20/01/2024,2-AMINO-5-CHLORO-3-METHYLBENZOIC ACID (ACMBA),28000035,ACMBA SFG,#47 TO 49/23,0,0,KGS,1520.0,0.0,0.0,1790.953,2722248.596
324861,SSM2324JWGRN00192,10/09/2023,2-AMINO-5-CHLORO-3-METHYLBENZOIC ACID (ACMBA),28000035,ACMBA SFG,#11/23,0,0,KGS,0.0,0.0,0.0,0.0,0.0
326984,SSM2324JWGRN00193,13/09/2023,2-AMINO-5-CHLORO-3-METHYLBENZOIC ACID (ACMBA),28000035,ACMBA SFG,#12/23,0,0,KGS,0.0,0.0,0.0,0.0,0.0
346151,SSM2324JWGRN00211,21/10/2023,2-AMINO-5-CHLORO-3-METHYLBENZOIC ACID (ACMBA),28000035,ACMBA SFG,#018/23,0,0,KGS,0.0,0.0,0.0,0.0,0.0
382587,SSM2324JWGRN00243,23/12/2023,2-AMINO-5-CHLORO-3-METHYLBENZOIC ACID (ACMBA),28000035,ACMBA SFG,#35 TO 37/23,0,0,KGS,0.0,0.0,0.0,0.0,0.0
382587,SSM2324JWGRN00243,23/12/2023,2-AMINO-5-CHLORO-3-METHYLBENZOIC ACID (ACMBA),28000035,ACMBA SFG,#35 TO 37/23,0,0,KGS,0.0,0.0,0.0,0.0,0.0
323572,SSM2324JWGRN00191,06/09/2023,2-AMINO-5-CHLORO-3-METHYLBENZOIC ACID (ACMBA),28000035,ACMBA SFG,#10/23,0,0,KGS,500.0,175.0,87500.0,2501.691,1250845.334
440640,SSM2324JWGRN00330,17/02/2024,2-AMINO-5-CHLORO-3-METHYLBENZOIC ACID (ACMBA),28000035,ACMBA SFG,#56+57+58/23,0,0,KGS,0.0,0.0,0.0,0.0,0.0
440713,SSM2324JWGRN00331,03/03/2024,2-AMINO-5-CHLORO-3-METHYLBENZOIC ACID (ACMBA),28000035,ACMBA SFG,#45+46+59(I)/23,0,0,KGS,0.0,0.0,0.0,0.0,0.0
343658,SSM2324JWGRN00209,17/10/2023,2-AMINO-5-CHLORO-3-METHYLBENZOIC ACID (ACMBA),28000035,ACMBA SFG,#04(P-I)&#07,0,0,KGS,700.0,0.0,0.0,2739.771,1917839.472
343658,SSM2324JWGRN00209,17/10/2023,2-AMINO-5-CHLORO-3-METHYLBENZOIC ACID (ACMBA),28000035,ACMBA SFG,#04(P-I)&#07,0,0,KGS,0.0,0.0,0.0,0.0,0.0
344345,SSM2324JWGRN00210,18/10/2023,2-AMINO-5-CHLORO-3-METHYLBENZOIC ACID (ACMBA),28000035,ACMBA SFG,#017/23,0,0,KGS,500.0,0.0,0.0,2553.147,1276573.403
346151,SSM2324JWGRN00211,21/10/2023,2-AMINO-5-CHLORO-3-METHYLBENZOIC ACID (ACMBA),28000035,ACMBA SFG,#018/23,0,0,KGS,500.0,0.0,0.0,2431.277,1215638.332
359029,SSM2324JWGRN00219,15/11/2023,2-AMINO-5-CHLORO-3-METHYLBENZOIC ACID (ACMBA),28000035,ACMBA SFG,#23+BLD,0,0,KGS,800.0,0.0,0.0,2141.23,1712984.197
349207,SSM2324JWGRN00215,27/10/2023,2-AMINO-5-CHLORO-3-METHYLBENZOIC ACID (ACMBA),28000035,ACMBA SFG,#08(P-I)+019/23,0,0,KGS,652.0,0.0,0.0,2380.332,1551976.642
362908,SSM2324JWGRN00221,22/11/2023,2-AMINO-5-CHLORO-3-METHYLBENZOIC ACID (ACMBA),28000035,ACMBA SFG,#24+25(P-I)/23,0,0,KGS,0.0,0.0,0.0,0.0,0.0
366265,SSM2324JWGRN00224,28/11/2023,2-AMINO-5-CHLORO-3-METHYLBENZOIC ACID (ACMBA),28000035,ACMBA SFG,#27+28/23,0,0,KGS,0.0,0.0,0.0,0.0,0.0
375378,SSM2324JWGRN00235,12/12/2023,2-AMINO-5-CHLORO-3-METHYLBENZOIC ACID (ACMBA),28000035,ACMBA SFG,#31 TO 34/23,0,0,KGS,2200.0,0.0,0.0,1806.128,3973482.358
443402,SSM2324JWGRN00339,19/03/2024,2-AMINO-5-CHLORO-3-METHYLBENZOIC ACID (ACMBA),28000035,ACMBA SFG,#59(II)/23,0,0,KGS,160.0,0.0,0.0,1712.647,274023.582
443402,SSM2324JWGRN00339,19/03/2024,2-AMINO-5-CHLORO-3-METHYLBENZOIC ACID (ACMBA),28000035,ACMBA SFG,#59(II)/23,0,0,KGS,0.0,0.0,0.0,0.0,0.0
407872,SSM2324JWGRN00278,31/01/2024,2-AMINO-5-CHLORO-3-METHYLBENZOIC ACID (ACMBA),28000035,ACMBA SFG,#53+54(P-I)/23,0,0,KGS,0.0,0.0,0.0,0.0,0.0
324861,SSM2324JWGRN00192,10/09/2023,2-AMINO-5-CHLORO-3-METHYLBENZOIC ACID (ACMBA),28000035,ACMBA SFG,#11/23,0,0,KGS,500.0,175.0,87500.0,2424.087,1212043.275
344345,SSM2324JWGRN00210,18/10/2023,2-AMINO-5-CHLORO-3-METHYLBENZOIC ACID (ACMBA),28000035,ACMBA SFG,#017/23,0,0,KGS,0.0,0.0,0.0,0.0,0.0
359029,SSM2324JWGRN00219,15/11/2023,2-AMINO-5-CHLORO-3-METHYLBENZOIC ACID (ACMBA),28000035,ACMBA SFG,#23+BLD,0,0,KGS,0.0,0.0,0.0,0.0,0.0
382587,SSM2324JWGRN00243,23/12/2023,2-AMINO-5-CHLORO-3-METHYLBENZOIC ACID (ACMBA),28000035,ACMBA SFG,#35 TO 37/23,0,0,KGS,1520.0,0.0,0.0,1581.547,2403951.85
336077,SSM2324JWGRN00206,03/10/2023,2-AMINO-5-CHLORO-3-METHYLBENZOIC ACID (ACMBA),28000035,ACMBA SFG,#006/23,0,0,KGS,400.0,0.0,0.0,2836.544,1134617.62
400815,SSM2324JWGRN00268,20/01/2024,2-AMINO-5-CHLORO-3-METHYLBENZOIC ACID (ACMBA),28000035,ACMBA SFG,#47 TO 49/23,0,0,KGS,0.0,0.0,0.0,0.0,0.0
326984,SSM2324JWGRN00193,13/09/2023,2-AMINO-5-CHLORO-3-METHYLBENZOIC ACID (ACMBA),28000035,ACMBA SFG,#12/23,0,0,KGS,500.0,175.0,87500.0,2476.303,1238151.376
343658,SSM2324JWGRN00209,17/10/2023,2-AMINO-5-CHLORO-3-METHYLBENZOIC ACID (ACMBA),28000035,ACMBA SFG,#04(P-I)&#07,0,0,KGS,0.0,0.0,0.0,0.0,0.0
359029,SSM2324JWGRN00219,15/11/2023,2-AMINO-5-CHLORO-3-METHYLBENZOIC ACID (ACMBA),28000035,ACMBA SFG,#23+BLD,0,0,KGS,0.0,0.0,0.0,0.0,0.0
336063,SSM2324JWGRN00205,19/09/2023,2-AMINO-5-CHLORO-3-METHYLBENZOIC ACID (ACMBA),28000035,ACMBA SFG,#14/23,0,0,KGS,0.0,335.0,0.0,0.0,0.0
351037,SSM2324JWGRN00216,31/10/2023,2-AMINO-5-CHLORO-3-METHYLBENZOIC ACID (ACMBA),28000035,ACMBA SFG,#16+20/23,0,0,KGS,0.0,0.0,0.0,0.0,0.0
333829,SSM2324JWGRN00201,29/09/2023,2-AMINO-5-CHLORO-3-METHYLBENZOIC ACID (ACMBA),28000035,ACMBA SFG,#13/23,0,0,KGS,468.0,175.0,81900.0,2596.493,1215158.877
440640,SSM2324JWGRN00330,17/02/2024,2-AMINO-5-CHLORO-3-METHYLBENZOIC ACID (ACMBA),28000035,ACMBA SFG,#56+57+58/23,0,0,KGS,1560.0,0.0,0.0,842.744,1314680.602
440713,SSM2324JWGRN00331,03/03/2024,2-AMINO-5-CHLORO-3-METHYLBENZOIC ACID (ACMBA),28000035,ACMBA SFG,#45+46+59(I)/23,0,0,KGS,1120.0,0.0,0.0,543.048,608213.806
440713,SSM2324JWGRN00331,03/03/2024,2-AMINO-5-CHLORO-3-METHYLBENZOIC ACID (ACMBA),28000035,ACMBA SFG,#45+46+59(I)/23,0,0,KGS,0.0,0.0,0.0,0.0,0.0
371118,SSM2324JWGRN00231,05/12/2023,2-AMINO-5-CHLORO-3-METHYLBENZOIC ACID (ACMBA),28000035,ACMBA SFG,#4(P-II)+#5+8(P-II)+AS IT ,0,0,KGS,0.0,0.0,0.0,0.0,0.0
443402,SSM2324JWGRN00339,19/03/2024,2-AMINO-5-CHLORO-3-METHYLBENZOIC ACID (ACMBA),28000035,ACMBA SFG,#59(II)/23,0,0,KGS,0.0,0.0,0.0,0.0,0.0
427279,SSM2324JWGRN00313,04/02/2024,2-AMINO-5-CHLORO-3-METHYLBENZOIC ACID (ACMBA),28000035,ACMBA SFG,#54(P-II)+55/23,0,0,KGS,800.0,0.0,0.0,1974.276,1579420.641
427279,SSM2324JWGRN00313,04/02/2024,2-AMINO-5-CHLORO-3-METHYLBENZOIC ACID (ACMBA),28000035,ACMBA SFG,#54(P-II)+55/23,0,0,KGS,0.0,0.0,0.0,0.0,0.0
391200,SSM2324JWGRN00257,05/01/2024,2-AMINO-5-CHLORO-3-METHYLBENZOIC ACID (ACMBA),28000035,ACMBA SFG,#40+41/23+#42+43 PART-I,0,0,KGS,0.0,0.0,0.0,0.0,0.0
405288,SSM2324JWGRN00274,27/01/2024,2-AMINO-5-CHLORO-3-METHYLBENZOIC ACID (ACMBA),28000035,ACMBA SFG,#50 TO 52/23,0,0,KGS,0.0,0.0,0.0,0.0,0.0
407872,SSM2324JWGRN00278,31/01/2024,2-AMINO-5-CHLORO-3-METHYLBENZOIC ACID (ACMBA),28000035,ACMBA SFG,#53+54(P-I)/23,0,0,KGS,732.0,0.0,0.0,1930.029,1412781.109
405288,SSM2324JWGRN00274,27/01/2024,2-AMINO-5-CHLORO-3-METHYLBENZOIC ACID (ACMBA),28000035,ACMBA SFG,#50 TO 52/23,0,0,KGS,1600.0,0.0,0.0,1707.853,2732565.137
407872,SSM2324JWGRN00278,31/01/2024,2-AMINO-5-CHLORO-3-METHYLBENZOIC ACID (ACMBA),28000035,ACMBA SFG,#53+54(P-I)/23,0,0,KGS,0.0,0.0,0.0,0.0,0.0
427279,SSM2324JWGRN00313,04/02/2024,2-AMINO-5-CHLORO-3-METHYLBENZOIC ACID (ACMBA),28000035,ACMBA SFG,#54(P-II)+55/23,0,0,KGS,0.0,0.0,0.0,0.0,0.0
336063,SSM2324JWGRN00205,19/09/2023,2-AMINO-5-CHLORO-3-METHYLBENZOIC ACID (ACMBA),28000035,ACMBA SFG,#14/23,0,0,KGS,500.0,175.0,87500.0,2402.146,1201072.953
336077,SSM2324JWGRN00206,03/10/2023,2-AMINO-5-CHLORO-3-METHYLBENZOIC ACID (ACMBA),28000035,ACMBA SFG,#006/23,0,0,KGS,0.0,0.0,0.0,0.0,0.0
351037,SSM2324JWGRN00216,31/10/2023,2-AMINO-5-CHLORO-3-METHYLBENZOIC ACID (ACMBA),28000035,ACMBA SFG,#16+20/23,0,0,KGS,1000.0,0.0,0.0,1990.81,1990809.672
371118,SSM2324JWGRN00231,05/12/2023,2-AMINO-5-CHLORO-3-METHYLBENZOIC ACID (ACMBA),28000035,ACMBA SFG,#4(P-II)+#5+8(P-II)+AS IT ,0,0,KGS,0.0,0.0,0.0,0.0,0.0
391200,SSM2324JWGRN00257,05/01/2024,2-AMINO-5-CHLORO-3-METHYLBENZOIC ACID (ACMBA),28000035,ACMBA SFG,#40+41/23+#42+43 PART-I,0,0,KGS,1200.0,0.0,0.0,1713.137,2055764.282
376916,SSM2324JWGRN00237,13/12/2023,METCAMIFEN TECH.,26000236,METCAMIFEN SAM-II DRY POWDER,"#Satya#Lot-I,II",0,0,KGS,282.0,0.0,0.0,1651.638,465761.883
309284,SSM2324JWGRN00173,22/07/2023,"2,6 DIMETHOXY BENZOIC ACID",31000009,"2,6 DIMETHOXY BENZOIC ACID",#35+BLEND02/23,0,0,KGS,830.0,335.0,278050.0,1625.791,1349406.582
241196,SSM2324JWGRN00036,23/04/2023,"2,6 DIMETHOXY BENZOIC ACID",31000009,"2,6 DIMETHOXY BENZOIC ACID",#04+05/23,0,0,KGS,1800.0,335.0,603000.0,2266.431,4079574.91
291398,SSM2324JWGRN00130,10/06/2023,"2,6 DIMETHOXY BENZOIC ACID",31000009,"2,6 DIMETHOXY BENZOIC ACID",#20/23,0,0,KGS,900.0,335.0,301500.0,2715.983,2444384.542
244904,SSM2324JWGRN00045,29/04/2023,"2,6 DIMETHOXY BENZOIC ACID",31000009,"2,6 DIMETHOXY BENZOIC ACID",#09(II)/23,0,0,KGS,900.0,335.0,301500.0,2025.89,1823300.692
244906,SSM2324JWGRN00046,30/04/2023,"2,6 DIMETHOXY BENZOIC ACID",31000009,"2,6 DIMETHOXY BENZOIC ACID",#10/23,0,0,KGS,1050.0,335.0,351750.0,3203.374,3363543.038
247580,SSM2324JWGRN00049,02/05/2023,"2,6 DIMETHOXY BENZOIC ACID",31000009,"2,6 DIMETHOXY BENZOIC ACID",#11/23,0,0,KGS,900.0,335.0,301500.0,2395.989,2156390.443
127060,SSM2223JWGRN00116,31/10/2022,"2,6 DIMETHOXY BENZOIC ACID",31000009,"2,6 DIMETHOXY BENZOIC ACID",#21/22,,,KGS,560.0,335.0,187600.0,2666.745,1493376.926
154604,SSM2223JWGRN00171,16/11/2022,"2,6 DIMETHOXY BENZOIC ACID",31000009,"2,6 DIMETHOXY BENZOIC ACID",#024+25/22,,,KGS,1800.0,335.0,603000.0,2472.835,4451102.984
154822,SSM2223JWGRN00173,27/11/2022,"2,6 DIMETHOXY BENZOIC ACID",31000009,"2,6 DIMETHOXY BENZOIC ACID",#028/22,,,KGS,900.0,335.0,301500.0,2228.44,2005596.111
154854,SSM2223JWGRN00174,27/11/2022,"2,6 DIMETHOXY BENZOIC ACID",31000009,"2,6 DIMETHOXY BENZOIC ACID",#029+030/22,,,KGS,1800.0,335.0,603000.0,2232.125,4017824.32
154865,SSM2223JWGRN00176,27/11/2022,"2,6 DIMETHOXY BENZOIC ACID",31000009,"2,6 DIMETHOXY BENZOIC ACID",#33+34/22,,,KGS,1800.0,335.0,603000.0,2188.997,3940193.881
66119,SSM2223JWGRN00055,24/07/2022,"2,6 DIMETHOXY BENZOIC ACID",31000009,"2,6 DIMETHOXY BENZOIC ACID",#001(RP)/22,,,KGS,1180.0,1.0,1180.0,3462.705,4085992.247
170003,SSM2223JWGRN00247,11/12/2022,"2,6 DIMETHOXY BENZOIC ACID",31000009,"2,6 DIMETHOXY BENZOIC ACID",#43/22,,,KGS,900.0,335.0,301500.0,1797.967,1618170.156
185825,SSM2223JWGRN00292,31/01/2023,"2,6 DIMETHOXY BENZOIC ACID",31000009,"2,6 DIMETHOXY BENZOIC ACID",#08+09+010+011/22,,,KGS,0.0,335.0,0.0,0.0,0.0
185827,SSM2223JWGRN00293,31/01/2023,"2,6 DIMETHOXY BENZOIC ACID",31000009,"2,6 DIMETHOXY BENZOIC ACID",#012/22,,,KGS,0.0,0.0,0.0,0.0,0.0
241299,SSM2324JWGRN00038,25/04/2023,"2,6 DIMETHOXY BENZOIC ACID",31000009,"2,6 DIMETHOXY BENZOIC ACID",#07/23,0,0,KGS,900.0,335.0,301500.0,2267.565,2040808.478
291369,SSM2324JWGRN00129,03/06/2023,"2,6 DIMETHOXY BENZOIC ACID",31000009,"2,6 DIMETHOXY BENZOIC ACID",#19/23 ,0,0,KGS,1350.0,335.0,452250.0,2724.774,3678444.331
291496,SSM2324JWGRN00132,27/06/2023,"2,6 DIMETHOXY BENZOIC ACID",31000009,"2,6 DIMETHOXY BENZOIC ACID",#23+24/23,0,0,KGS,1800.0,335.0,603000.0,2692.675,4846814.383
291521,SSM2324JWGRN00133,28/06/2023,"2,6 DIMETHOXY BENZOIC ACID",31000009,"2,6 DIMETHOXY BENZOIC ACID",#25+26(P-I)/23,0,0,KGS,1350.0,335.0,452250.0,2691.912,3634081.798
219214,SSM2223JWGRN00376,17/03/2023,"2,6 DIMETHOXY BENZOIC ACID",31000009,"2,6 DIMETHOXY BENZOIC ACID",#55/22,0,0,KGS,975.0,335.0,326625.0,4298.68,4191212.68
219216,SSM2223JWGRN00377,23/03/2023,"2,6 DIMETHOXY BENZOIC ACID",31000009,"2,6 DIMETHOXY BENZOIC ACID",#56/22,0,0,KGS,980.0,335.0,328300.0,4246.644,4161711.307
309284,SSM2324JWGRN00173,22/07/2023,"2,6 DIMETHOXY BENZOIC ACID",31000009,"2,6 DIMETHOXY BENZOIC ACID",#35+BLEND02/23,0,0,KGS,0.0,180.81,0.0,0.0,0.0
267907,SSM2324JWGRN00088,28/05/2023,"2,6 DIMETHOXY BENZOIC ACID",31000009,"2,6 DIMETHOXY BENZOIC ACID",#17+18/23,0,0,KGS,1800.0,335.0,603000.0,2269.248,4084646.865
305242,SSM2324JWGRN00156,28/07/2023,"2,6 DIMETHOXY BENZOIC ACID",31000009,"2,6 DIMETHOXY BENZOIC ACID",#002/23,0,0,KGS,0.0,335.0,0.0,0.0,0.0
308913,SSM2324JWGRN00166,01/07/2023,"2,6 DIMETHOXY BENZOIC ACID",31000009,"2,6 DIMETHOXY BENZOIC ACID",#26(P-II)+20 TO 25/23,0,0,KGS,0.0,50.0,0.0,0.0,0.0
211102,SSM2223JWGRN00362,25/02/2023,"2,6 DIMETHOXY BENZOIC ACID",31000009,"2,6 DIMETHOXY BENZOIC ACID",#16+17/22,,,KGS,0.0,335.0,0.0,0.0,0.0
244895,SSM2324JWGRN00044,27/04/2023,"2,6 DIMETHOXY BENZOIC ACID",31000009,"2,6 DIMETHOXY BENZOIC ACID",#08+09(I)/23,0,0,KGS,1200.0,335.0,402000.0,2261.279,2713534.421
247594,SSM2324JWGRN00050,04/05/2023,"2,6 DIMETHOXY BENZOIC ACID",31000009,"2,6 DIMETHOXY BENZOIC ACID",#12/23,0,0,KGS,900.0,335.0,301500.0,2285.41,2056868.696
249437,SSM2324JWGRN00054,07/05/2023,"2,6 DIMETHOXY BENZOIC ACID",31000009,"2,6 DIMETHOXY BENZOIC ACID",#13+14/23,0,0,KGS,1600.0,335.0,536000.0,2252.416,3603865.262
154705,SSM2223JWGRN00172,27/11/2022,"2,6 DIMETHOXY BENZOIC ACID",31000009,"2,6 DIMETHOXY BENZOIC ACID",#026+27/22,,,KGS,1800.0,335.0,603000.0,2222.224,4000002.688
154864,SSM2223JWGRN00175,27/11/2022,"2,6 DIMETHOXY BENZOIC ACID",31000009,"2,6 DIMETHOXY BENZOIC ACID",#031+32/22,,,KGS,1800.0,335.0,603000.0,2216.226,3989206.538
113005,SSM2223JWGRN00098,30/09/2022,"2,6 DIMETHOXY BENZOIC ACID",31000009,"2,6 DIMETHOXY BENZOIC ACID",#11+12/22,,,KGS,2018.0,335.0,676030.0,3498.341,7059651.926
178687,SSM2223JWGRN00277,20/01/2023,"2,6 DIMETHOXY BENZOIC ACID",31000009,"2,6 DIMETHOXY BENZOIC ACID",#02/22,,,KGS,0.0,0.0,0.0,0.0,0.0
224629,SSM2223JWGRN00401,31/03/2023,"2,6 DIMETHOXY BENZOIC ACID",31000009,"2,6 DIMETHOXY BENZOIC ACID",#60/22,0,0,KGS,900.0,335.0,301500.0,2741.158,2467042.039
224631,SSM2223JWGRN00402,31/03/2023,"2,6 DIMETHOXY BENZOIC ACID",31000009,"2,6 DIMETHOXY BENZOIC ACID",#61+OCRP01/22,0,0,KGS,1800.0,335.0,603000.0,4291.847,7725324.031
219208,SSM2223JWGRN00375,17/03/2023,"2,6 DIMETHOXY BENZOIC ACID",31000009,"2,6 DIMETHOXY BENZOIC ACID",#54/22,0,0,KGS,971.0,335.0,325285.0,3644.409,3538721.294
219224,SSM2223JWGRN00378,23/03/2023,"2,6 DIMETHOXY BENZOIC ACID",31000009,"2,6 DIMETHOXY BENZOIC ACID",#57/22,0,0,KGS,1009.0,335.0,338015.0,4368.591,4407908.055
309018,SSM2324JWGRN00167,05/07/2023,"2,6 DIMETHOXY BENZOIC ACID",31000009,"2,6 DIMETHOXY BENZOIC ACID",#26(P-III)+27(P-I)/23,0,0,KGS,900.0,335.0,301500.0,1414.585,1273126.11
309157,SSM2324JWGRN00170,18/07/2023,"2,6 DIMETHOXY BENZOIC ACID",31000009,"2,6 DIMETHOXY BENZOIC ACID",#30+31(P-I)/23,0,0,KGS,0.0,50.0,0.0,0.0,0.0
309182,SSM2324JWGRN00171,15/07/2023,"2,6 DIMETHOXY BENZOIC ACID",31000009,"2,6 DIMETHOXY BENZOIC ACID",#31(P-II)+32+33(P-I)/23,0,0,KGS,0.0,50.0,0.0,0.0,0.0
309258,SSM2324JWGRN00172,18/07/2023,"2,6 DIMETHOXY BENZOIC ACID",31000009,"2,6 DIMETHOXY BENZOIC ACID",#33(P-II)+34/23,0,0,KGS,0.0,180.81,0.0,0.0,0.0
236686,SSM2324JWGRN00024,18/04/2023,"2,6 DIMETHOXY BENZOIC ACID",31000009,"2,6 DIMETHOXY BENZOIC ACID",#03(P2)/23,0,0,KGS,450.0,335.0,150750.0,2268.636,1020886.232
457795,SSM2425JWGRN00024,20/04/2024,"2,3 DI CHLORO PYRIDINE",26000009,"2,3 DCP IIND CROP",#03/24,0,0,KGS,1215.0,0.0,0.0,37.143,45128.908
457783,SSM2425JWGRN00023,08/04/2024,"2,3 DI CHLORO PYRIDINE",26000009,"2,3 DCP IIND CROP",01/24,0,0,KGS,6305.0,0.0,0.0,24.872,156818.253
532925,SSM2425JWGRN00085,15/08/2024,"2,6 DIMETHOXY BENZOIC ACID",26000057,"2,6 DMBA (STAGE-II) IIND CROP",#372+373,0,0,KGS,2410.0,0.0,0.0,16.515,39801.536
532925,SSM2425JWGRN00085,15/08/2024,"2,6 DIMETHOXY BENZOIC ACID",26000057,"2,6 DMBA (STAGE-II) IIND CROP",#372+373,0,0,KGS,0.0,0.0,0.0,0.0,0.0
51469,SSM2223JWGRN00044,30/06/2022,C-6 HYDROXY ESTER,26000109,C-6 HYDROXY ESTER CRUDE,#001+002/22,,,KGS,3186.0,40.5,129033.0,435.556,1387680.22
51511,SSM2223JWGRN00045,30/06/2022,C-6 HYDROXY ESTER,26000109,C-6 HYDROXY ESTER CRUDE,#003+004/22,,,KGS,3860.0,40.5,156330.0,238.301,919843.101
404235,SSM2324JWGRN00271,11/01/2024,DIMETHYL-2-METHYL GLUTARATE,26000157,MGDM RECOVERED METHANOL,#198/23,0,0,KGS,1453.0,0.0,0.0,5.0,7265.0
419006,SSM2324JWGRN00300,16/02/2024,DIMETHYL-2-METHYL GLUTARATE,26000157,MGDM RECOVERED METHANOL,#217,0,0,KGS,1803.0,0.0,0.0,5.0,9015.0
319717,SSM2324JWGRN00187,30/08/2023,3-BROMO-1-(3-CHLOROPYRIDINE-2-YL)-1H-PYRAZOLE-5-CARBOXYLIC ACID,26000177,BCPA (STAGE-I) DRY POWDER,#05+06/23,0,0,KGS,331.0,10.0,3310.0,2662.943,881434.171
55623,SSM2223JWGRN00047,04/07/2022,3-BROMO-1-(3-CHLOROPYRIDINE-2-YL)-1H-PYRAZOLE-5-CARBOXYLIC ACID,26000177,BCPA (STAGE-I) DRY POWDER,#001/22,,,KGS,203.0,10.0,2030.0,5008.058,1016635.826
320743,SSM2324JWGRN00188,31/08/2023,3-BROMO-1-(3-CHLOROPYRIDINE-2-YL)-1H-PYRAZOLE-5-CARBOXYLIC ACID,26000177,BCPA (STAGE-I) DRY POWDER,RP#01/23,0,0,KGS,200.0,10.0,2000.0,3274.808,654961.54
319342,SSM2324JWGRN00185,26/08/2023,3-BROMO-1-(3-CHLOROPYRIDINE-2-YL)-1H-PYRAZOLE-5-CARBOXYLIC ACID,26000177,BCPA (STAGE-I) DRY POWDER,#03+04/23,0,0,KGS,325.0,10.0,3250.0,1656.341,538310.819
419969,SSM2324JWGRN00302,20/02/2024,METHYL-2-CHLORO PROPIONATE,28000019,M2CP SFG,#01/24,0,0,KGS,3263.0,0.0,0.0,130.434,425605.796
443727,SSM2324JWGRN00342,18/03/2024,METHYL-2-CHLORO PROPIONATE,28000019,M2CP SFG,#05+06(P-I)/24,0,0,KGS,6000.0,0.0,0.0,140.195,841168.149
443729,SSM2324JWGRN00343,28/03/2024,METHYL-2-CHLORO PROPIONATE,28000019,M2CP SFG,#006(P-II)+3A/24,0,0,KGS,5400.0,0.0,0.0,88.235,476468.667
443725,SSM2324JWGRN00341,11/03/2024,METHYL-2-CHLORO PROPIONATE,28000019,M2CP SFG,#1A&2A/24,0,0,KGS,0.0,0.0,0.0,0.0,0.0
443729,SSM2324JWGRN00343,28/03/2024,METHYL-2-CHLORO PROPIONATE,28000019,M2CP SFG,#006(P-II)+3A/24,0,0,KGS,0.0,0.0,0.0,0.0,0.0
443731,SSM2324JWGRN00344,29/03/2024,METHYL-2-CHLORO PROPIONATE,28000019,M2CP SFG,#4A&5A/24,0,0,KGS,2600.0,0.0,0.0,135.244,351633.594
443725,SSM2324JWGRN00341,11/03/2024,METHYL-2-CHLORO PROPIONATE,28000019,M2CP SFG,#1A&2A/24,0,0,KGS,8000.0,0.0,0.0,104.303,834425.801
443727,SSM2324JWGRN00342,18/03/2024,METHYL-2-CHLORO PROPIONATE,28000019,M2CP SFG,#05+06(P-I)/24,0,0,KGS,0.0,0.0,0.0,0.0,0.0
454781,SSM2425JWGRN00016,07/04/2024,METHYL-2-CHLORO PROPIONATE,28000019,M2CP SFG,#MAX-RP-333/24,0,0,KGS,1550.0,0.0,0.0,125.868,195095.955
424113,SSM2324JWGRN00309,28/02/2024,METHYL-2-CHLORO PROPIONATE,28000019,M2CP SFG,#03+04/24,0,0,KGS,6080.0,0.0,0.0,105.049,638697.362
421297,SSM2324JWGRN00305,23/02/2024,METHYL-2-CHLORO PROPIONATE,28000019,M2CP SFG,#02/24,0,0,KGS,1585.0,0.0,0.0,170.696,270553.124
424113,SSM2324JWGRN00309,28/02/2024,METHYL-2-CHLORO PROPIONATE,28000019,M2CP SFG,#03+04/24,0,0,KGS,0.0,0.0,0.0,0.0,0.0
519697,SSM2425JWGRN00081,17/07/2024,AMIDO CHLORIDE,29000021,AMIDO RECOVERED IPAC INTERCUT-1,#000013/24-25,0,0,KGS,799.0,0.0,0.0,22.49,17969.364
454855,SSM2425JWGRN00018,09/04/2024,METHYL-2-CHLORO PROPIONATE,29000032,M2CP INTERCUT-1,337/24,0,0,KGS,425.0,0.0,0.0,58.864,25017.317
454855,SSM2425JWGRN00018,09/04/2024,METHYL-2-CHLORO PROPIONATE,29000032,M2CP INTERCUT-1,337/24,0,0,KGS,0.0,0.0,0.0,0.0,0.0
7680,SSM2223JWGRN00005,16/04/2022,3-BROMO-1-(3-CHLOROPYRIDINE-2-YL)-1H-PYRAZOLE-5-CARBOXYLIC ACID,28000026,BCPA SFG,13-Apr-2022,,,KGS,77.0,10.0,770.0,13012.839,1001988.572
28420,SSM2223JWGRN00026,19/05/2022,3-BROMO-1-(3-CHLOROPYRIDINE-2-YL)-1H-PYRAZOLE-5-CARBOXYLIC ACID,28000026,BCPA SFG,#004/22,,,KGS,71.0,10.0,710.0,10629.401,754687.503
332445,SSM2324JWGRN00200,26/09/2023,3-BROMO-1-(3-CHLOROPYRIDINE-2-YL)-1H-PYRAZOLE-5-CARBOXYLIC ACID,28000026,BCPA SFG,#01/23,0,0,KGS,224.0,10.0,2240.0,5211.843,1167452.737
23146,SSM2223JWGRN00012,07/05/2022,3-BROMO-1-(3-CHLOROPYRIDINE-2-YL)-1H-PYRAZOLE-5-CARBOXYLIC ACID,28000026,BCPA SFG,#003/22,,,KGS,76.0,10.0,760.0,10627.352,807678.774
15912,SSM2223JWGRN00011,26/04/2022,3-BROMO-1-(3-CHLOROPYRIDINE-2-YL)-1H-PYRAZOLE-5-CARBOXYLIC ACID,28000026,BCPA SFG,#002/22,,,KGS,77.5,10.0,775.0,12943.503,1003121.49
63324,SSM2223JWGRN00052,20/07/2022,3-BROMO-1-(3-CHLOROPYRIDINE-2-YL)-1H-PYRAZOLE-5-CARBOXYLIC ACID,28000026,BCPA SFG,#007/22,,,KGS,124.0,10.0,1240.0,13423.759,1664546.147
48570,SSM2223JWGRN00042,23/06/2022,3-BROMO-1-(3-CHLOROPYRIDINE-2-YL)-1H-PYRAZOLE-5-CARBOXYLIC ACID,28000026,BCPA SFG,#006/22,,,KGS,81.0,10.0,810.0,9795.97,793473.537
38016,SSM2223JWGRN00035,04/06/2022,3-BROMO-1-(3-CHLOROPYRIDINE-2-YL)-1H-PYRAZOLE-5-CARBOXYLIC ACID,28000026,BCPA SFG,#005/22,,,KGS,74.0,10.0,740.0,10427.194,771612.327
335134,SSM2324JWGRN00202,30/09/2023,3-BROMO-1-(3-CHLOROPYRIDINE-2-YL)-1H-PYRAZOLE-5-CARBOXYLIC ACID,28000026,BCPA SFG,#02/23,0,0,KGS,252.0,10.0,2520.0,6351.229,1600509.815
166626,SSM2223JWGRN00227,29/12/2022,"4-HYDROXY-3-(2,4,6-TRIMETHYLPHENYL)-1-OXASPIRO[4.4]NON-3-EN-2-ONE",99000004,SPIR RECOVERED DI METHYL ACETAMIDE,#0014,,,KGS,5777.0,0.0,0.0,20.001,115544.086
167664,SSM2223JWGRN00240,02/01/2023,"4-HYDROXY-3-(2,4,6-TRIMETHYLPHENYL)-1-OXASPIRO[4.4]NON-3-EN-2-ONE",99000004,SPIR RECOVERED DI METHYL ACETAMIDE,#0016,,,KGS,4832.0,0.0,0.0,19.728,95325.375
634207,SSM2425JWGRN00129,03/03/2025,"4-HYDROXY-3-(2,4,6-TRIMETHYLPHENYL)-1-OXASPIRO[4.4]NON-3-EN-2-ONE",99000004,SPIR RECOVERED DI METHYL ACETAMIDE,#01+02/25,93.20,100,KGS,5162.0,0.0,0.0,20.003,103253.443
180553,SSM2223JWGRN00281,23/01/2023,"4-HYDROXY-3-(2,4,6-TRIMETHYLPHENYL)-1-OXASPIRO[4.4]NON-3-EN-2-ONE",99000004,SPIR RECOVERED DI METHYL ACETAMIDE,#0020,,,KGS,4957.0,0.0,0.0,20.004,99162.0
549680,SSM2425JWGRN00087,23/09/2024,"4-HYDROXY-3-(2,4,6-TRIMETHYLPHENYL)-1-OXASPIRO[4.4]NON-3-EN-2-ONE",99000004,SPIR RECOVERED DI METHYL ACETAMIDE,#AAL/CHALLAN/087,0,0,KGS,180.0,0.0,0.0,19.556,3520.0
163315,SSM2223JWGRN00222,23/12/2022,"4-HYDROXY-3-(2,4,6-TRIMETHYLPHENYL)-1-OXASPIRO[4.4]NON-3-EN-2-ONE",99000004,SPIR RECOVERED DI METHYL ACETAMIDE,#0013,,,KGS,5042.0,0.0,0.0,20.018,100932.75
166626,SSM2223JWGRN00227,29/12/2022,"4-HYDROXY-3-(2,4,6-TRIMETHYLPHENYL)-1-OXASPIRO[4.4]NON-3-EN-2-ONE",99000004,SPIR RECOVERED DI METHYL ACETAMIDE,#0014,,,KGS,0.0,0.0,0.0,0.0,0.0
185871,SSM2223JWGRN00294,28/01/2023,"4-HYDROXY-3-(2,4,6-TRIMETHYLPHENYL)-1-OXASPIRO[4.4]NON-3-EN-2-ONE",99000004,SPIR RECOVERED DI METHYL ACETAMIDE,#0022,,,KGS,5274.0,0.0,0.0,20.359,107375.4
188060,SSM2223JWGRN00301,02/02/2023,"4-HYDROXY-3-(2,4,6-TRIMETHYLPHENYL)-1-OXASPIRO[4.4]NON-3-EN-2-ONE",99000004,SPIR RECOVERED DI METHYL ACETAMIDE,#0024,,,KGS,5575.0,0.0,0.0,20.003,111516.6
195850,SSM2223JWGRN00325,16/02/2023,"4-HYDROXY-3-(2,4,6-TRIMETHYLPHENYL)-1-OXASPIRO[4.4]NON-3-EN-2-ONE",99000004,SPIR RECOVERED DI METHYL ACETAMIDE,#0029,,,KGS,5665.0,0.0,0.0,20.051,113587.2
441328,SSM2324JWGRN00332,16/03/2024,"4-HYDROXY-3-(2,4,6-TRIMETHYLPHENYL)-1-OXASPIRO[4.4]NON-3-EN-2-ONE",99000004,SPIR RECOVERED DI METHYL ACETAMIDE,RECOVERY,0,0,KGS,654.0,0.0,0.0,20.011,13087.373
314280,SSM2324JWGRN00182,12/08/2023,"4-HYDROXY-3-(2,4,6-TRIMETHYLPHENYL)-1-OXASPIRO[4.4]NON-3-EN-2-ONE",99000004,SPIR RECOVERED DI METHYL ACETAMIDE,#AAL/CHALLAN/035,0,0,KGS,162.0,0.0,0.0,20.0,3240.0
190675,SSM2223JWGRN00315,07/02/2023,"4-HYDROXY-3-(2,4,6-TRIMETHYLPHENYL)-1-OXASPIRO[4.4]NON-3-EN-2-ONE",99000004,SPIR RECOVERED DI METHYL ACETAMIDE,#0026,,,KGS,4245.0,0.0,0.0,19.999,84894.6
297507,SSM2324JWGRN00140,13/07/2023,"2,4 DICHLORO BENZALDEHYDE",28000032,"2,4 DICHLORO BENZALDEHYDE SFG",#010(P-I)/23,0,0,KGS,455.0,50.0,22750.0,548.921,249759.045
311877,SSM2324JWGRN00180,12/08/2023,"2,4 DICHLORO BENZALDEHYDE",28000032,"2,4 DICHLORO BENZALDEHYDE SFG",#05(P-II)/23,0,0,KGS,0.0,175.0,0.0,0.0,0.0
533125,SSM2425JWGRN00086,12/08/2024,"2,4 DICHLORO BENZALDEHYDE",28000032,"2,4 DICHLORO BENZALDEHYDE SFG",#RP-08,0,0,KGS,0.0,0.0,0.0,0.0,0.0
302663,SSM2324JWGRN00153,23/07/2023,"2,4 DICHLORO BENZALDEHYDE",28000032,"2,4 DICHLORO BENZALDEHYDE SFG",#011(P-II)/23,0,0,KGS,424.0,50.0,21200.0,553.964,234880.645
308379,SSM2324JWGRN00165,26/07/2023,"2,4 DICHLORO BENZALDEHYDE",28000032,"2,4 DICHLORO BENZALDEHYDE SFG",#011(P-III)+012(P-I)/23,0,0,KGS,422.0,50.0,21100.0,394.375,166426.276
297963,SSM2324JWGRN00144,16/07/2023,"2,4 DICHLORO BENZALDEHYDE",28000032,"2,4 DICHLORO BENZALDEHYDE SFG",#011(P-I)/23,0,0,KGS,390.0,50.0,19500.0,599.375,233756.422
533125,SSM2425JWGRN00086,12/08/2024,"2,4 DICHLORO BENZALDEHYDE",28000032,"2,4 DICHLORO BENZALDEHYDE SFG",#RP-08,0,0,KGS,473.0,0.0,0.0,1022.638,483707.703
623346,SSM2425JWGRN00120,04/02/2025,"2,4 DICHLORO BENZALDEHYDE",28000032,"2,4 DICHLORO BENZALDEHYDE SFG",#RP#BATCH,98.33,100,KGS,905.0,0.0,0.0,257.451,232993.546
311877,SSM2324JWGRN00180,12/08/2023,"2,4 DICHLORO BENZALDEHYDE",28000032,"2,4 DICHLORO BENZALDEHYDE SFG",#05(P-II)/23,0,0,KGS,280.0,50.0,14000.0,624.149,174761.628
297489,SSM2324JWGRN00139,03/07/2023,"2,4 DICHLORO BENZALDEHYDE",28000032,"2,4 DICHLORO BENZALDEHYDE SFG",#05(P-I)/23,0,0,KGS,275.0,50.0,13750.0,635.402,174735.496
623346,SSM2425JWGRN00120,04/02/2025,"2,4 DICHLORO BENZALDEHYDE",28000032,"2,4 DICHLORO BENZALDEHYDE SFG",#RP#BATCH,98.33,100,KGS,0.0,0.0,0.0,0.0,0.0
404295,SSM2324JWGRN00272,11/01/2024,,29000049,TBBC STAGE-II INTERCUT-1,#JW/44,0,0,KGS,35.0,0.0,0.0,1362.254,47678.882
549680,SSM2425JWGRN00087,23/09/2024,METCAMIFEN TECH.,99000040,METCAMIFEN STAGE-III RECOVERED ACETONITRILE,#AAL/CHALLAN/087,0,0,KGS,178.0,0.0,0.0,5.0,890.0
518282,SSM2425JWGRN00080,16/07/2024,AMIDO CHLORIDE,26000265,AMIDO DISTILLED ISO PROYL ACETATE,#000012/24-25,0,0,KGS,2970.0,0.0,0.0,49.656,147477.743
305242,SSM2324JWGRN00156,28/07/2023,2-AMINO-5-CHLORO-3-METHYLBENZOIC ACID (ACMBA),26000239,ACMBA (STAGE-I) WET POWDER,#002/23,0,0,KGS,984.0,175.0,172200.0,1131.078,1112980.403
306573,SSM2324JWGRN00158,31/07/2023,2-AMINO-5-CHLORO-3-METHYLBENZOIC ACID (ACMBA),26000239,ACMBA (STAGE-I) WET POWDER,#003+004/23,0,0,KGS,814.0,175.0,142450.0,875.415,712587.436
306573,SSM2324JWGRN00158,31/07/2023,2-AMINO-5-CHLORO-3-METHYLBENZOIC ACID (ACMBA),26000239,ACMBA (STAGE-I) WET POWDER,#003+004/23,0,0,KGS,0.0,335.0,0.0,0.0,0.0
404295,SSM2324JWGRN00272,11/01/2024,,29000050,TBBC STAGE-II INTERCUT-2,#JW/44,0,0,KGS,248.0,0.0,0.0,1549.014,384155.564
384875,SSM2324JWGRN00249,27/12/2023,4-TERTIARY BUTYL BENZYL CYANIDE,31000048,4-TERTIARY BUTYL BENZYL CYANIDE,J/TBBC/023/003,0,0,KGS,720.0,0.0,0.0,882.84,635644.507
377372,SSM2324JWGRN00238,15/12/2023,4-TERTIARY BUTYL BENZYL CYANIDE,31000048,4-TERTIARY BUTYL BENZYL CYANIDE,24-TBBC0000001-1,0,0,KGS,180.0,0.0,0.0,1489.553,268119.485
372657,SSM2324JWGRN00232,08/12/2023,4-TERTIARY BUTYL BENZYL CYANIDE,31000048,4-TERTIARY BUTYL BENZYL CYANIDE,24-TBBC0000001,0,0,KGS,185.0,0.0,0.0,1442.592,266879.485
373741,SSM2324JWGRN00234,09/12/2023,,26000257,2-CHLORO PROPIONIC ACID CRUDE,#002/23,0,0,KGS,7400.0,0.0,0.0,61.69,456509.303
388951,SSM2324JWGRN00253,01/01/2024,,26000257,2-CHLORO PROPIONIC ACID CRUDE,#009/23,0,0,KGS,7250.0,0.0,0.0,64.623,468520.249
392559,SSM2324JWGRN00258,06/01/2024,,26000257,2-CHLORO PROPIONIC ACID CRUDE,#010/23,0,0,KGS,7420.0,0.0,0.0,63.091,468137.686
406465,SSM2324JWGRN00275,28/01/2024,,26000257,2-CHLORO PROPIONIC ACID CRUDE,#018/23,0,0,KGS,7460.0,0.0,0.0,60.898,454301.067
402223,SSM2324JWGRN00269,21/01/2024,,26000257,2-CHLORO PROPIONIC ACID CRUDE,#015/23,0,0,KGS,7340.0,0.0,0.0,62.989,462338.924
423006,SSM2324JWGRN00308,26/02/2024,,26000257,2-CHLORO PROPIONIC ACID CRUDE,#026/23,0,0,KGS,7470.0,0.0,0.0,58.306,435547.745
421420,SSM2324JWGRN00306,23/02/2024,,26000257,2-CHLORO PROPIONIC ACID CRUDE,#025/23,0,0,KGS,7635.0,0.0,0.0,62.738,479008.267
379930,SSM2324JWGRN00242,18/12/2023,,26000257,2-CHLORO PROPIONIC ACID CRUDE,#004/23,0,0,KGS,7090.0,0.0,0.0,65.434,463926.222
377662,SSM2324JWGRN00241,13/12/2023,,26000257,2-CHLORO PROPIONIC ACID CRUDE,#003/23,0,0,KGS,7430.0,0.0,0.0,61.614,457793.249
394406,SSM2324JWGRN00262,07/01/2024,,26000257,2-CHLORO PROPIONIC ACID CRUDE,#011/23,0,0,KGS,7290.0,0.0,0.0,64.202,468028.964
395211,SSM2324JWGRN00263,10/01/2024,,26000257,2-CHLORO PROPIONIC ACID CRUDE,#012/23,0,0,KGS,7430.0,0.0,0.0,62.978,467928.234
410116,SSM2324JWGRN00279,02/02/2024,,26000257,2-CHLORO PROPIONIC ACID CRUDE,#020/23,0,0,KGS,6960.0,0.0,0.0,65.156,453487.734
402233,SSM2324JWGRN00270,22/01/2024,,26000257,2-CHLORO PROPIONIC ACID CRUDE,#016/23,0,0,KGS,7299.0,0.0,0.0,62.186,453894.4
418068,SSM2324JWGRN00298,15/02/2024,,26000257,2-CHLORO PROPIONIC ACID CRUDE,#022/23,0,0,KGS,7280.0,0.0,0.0,65.364,475847.133
385530,SSM2324JWGRN00250,26/12/2023,,26000257,2-CHLORO PROPIONIC ACID CRUDE,#007/23,0,0,KGS,7220.0,0.0,0.0,64.624,466584.915
398047,SSM2324JWGRN00264,15/01/2024,,26000257,2-CHLORO PROPIONIC ACID CRUDE,#013/23,0,0,KGS,7140.0,0.0,0.0,65.936,470780.567
373681,SSM2324JWGRN00233,03/12/2023,,26000257,2-CHLORO PROPIONIC ACID CRUDE,#001/23,0,0,KGS,7300.0,0.0,0.0,62.66,457415.519
388873,SSM2324JWGRN00252,31/12/2023,,26000257,2-CHLORO PROPIONIC ACID CRUDE,#008/23,0,0,KGS,7360.0,0.0,0.0,63.345,466217.888
404872,SSM2324JWGRN00273,25/01/2024,,26000257,2-CHLORO PROPIONIC ACID CRUDE,#017/23,0,0,KGS,7100.0,0.0,0.0,63.872,453487.734
383529,SSM2324JWGRN00246,25/12/2023,,26000257,2-CHLORO PROPIONIC ACID CRUDE,#006/23,0,0,KGS,7320.0,0.0,0.0,63.383,463962.924
398517,SSM2324JWGRN00265,16/01/2024,,26000257,2-CHLORO PROPIONIC ACID CRUDE,#014/23,0,0,KGS,7390.0,0.0,0.0,63.446,468869.234
419979,SSM2324JWGRN00303,20/02/2024,,26000257,2-CHLORO PROPIONIC ACID CRUDE,#024/23,0,0,KGS,7230.0,0.0,0.0,66.048,477525.033
383399,SSM2324JWGRN00244,22/12/2023,,26000257,2-CHLORO PROPIONIC ACID CRUDE,#005/23,0,0,KGS,7030.0,0.0,0.0,66.045,464293.249
413154,SSM2324JWGRN00282,07/02/2024,,26000257,2-CHLORO PROPIONIC ACID CRUDE,#021/23,0,0,KGS,7150.0,0.0,0.0,63.393,453259.334
431304,SSM2324JWGRN00317,10/03/2024,,26000257,2-CHLORO PROPIONIC ACID CRUDE,#27/23,0,0,KGS,7715.0,0.0,0.0,67.573,521329.323
418076,SSM2324JWGRN00299,16/02/2024,,26000257,2-CHLORO PROPIONIC ACID CRUDE,#023/23,0,0,KGS,7760.0,0.0,0.0,61.555,477663.8
406992,SSM2324JWGRN00277,29/01/2024,,26000257,2-CHLORO PROPIONIC ACID CRUDE,#019/23,0,0,KGS,7100.0,0.0,0.0,63.872,453487.734
591360,SSM2425JWGRN00097,22/12/2024,"1,2 DIMETHYL PROPYL AMINE",26000276,CP-AMINE,#01&02,0,0,KGS,1922.0,0.0,0.0,196.8,378249.922
596898,SSM2425JWGRN00100,26/12/2024,"1,2 DIMETHYL PROPYL AMINE",26000276,CP-AMINE,#03/24,99.82,100,KGS,971.0,0.0,0.0,214.716,208488.961
